# ========================================================================================
#  (C) (or copyright) 2023-2025. Triad National Security, LLC. All rights reserved.
#
#  This program was produced under U.S. Government contract 89233218CNA000001 for Los
#  Alamos National Laboratory (LANL), which is operated by Triad National Security, LLC
#  for the U.S. Department of Energy/National Nuclear Security Administration. All rights
#  in the program are reserved by Triad National Security, LLC, and the U.S. Department
#  of Energy/National Nuclear Security Administration. The Government is granted for
#  itself and others acting on its behalf a nonexclusive, paid-up, irrevocable worldwide
#  license in this material to reproduce, prepare derivative works, distribute copies to
#  the public, perform publicly and display publicly, and to permit others to do so.
# ========================================================================================
# Lowrie & Edwards Radiating Shock (Mach=3) solution
# Generated with open-souce Quokka script:
# https://github.com/quokka-astro/quokka/blob/development/extern/LowrieEdwards/radshock.py
# [1]=x(cm)                [2]=tgas(K)              [3]=trad(K)
 -6.7999999999999996e-03   2.1800003133150674e+06   2.1800021799685331e+06
 -6.7941589639287283e-03   2.1800003193709613e+06   2.1800022221041680e+06
 -6.7883179278574561e-03   2.1800003254268551e+06   2.1800022642398030e+06
 -6.7824768917861848e-03   2.1800003314827485e+06   2.1800023063754374e+06
 -6.7766358557149126e-03   2.1800003375386423e+06   2.1800023485110723e+06
 -6.7707948196436413e-03   2.1800003435945362e+06   2.1800023906467068e+06
 -6.7649537835723699e-03   2.1800003496504305e+06   2.1800024327823417e+06
 -6.7591127475010978e-03   2.1800003557063243e+06   2.1800024749179767e+06
 -6.7532717114298264e-03   2.1800003617622182e+06   2.1800025170536111e+06
 -6.7474306753585542e-03   2.1800003678181116e+06   2.1800025591892456e+06
 -6.7415896392872829e-03   2.1800003738740054e+06   2.1800026013248810e+06
 -6.7357486032160107e-03   2.1800003799298992e+06   2.1800026434605154e+06
 -6.7299075671447394e-03   2.1800003859857935e+06   2.1800026855961499e+06
 -6.7240665310734681e-03   2.1800003920416874e+06   2.1800027277317848e+06
 -6.7182254950021959e-03   2.1800003980975812e+06   2.1800027698674197e+06
 -6.7123844589309246e-03   2.1800004041534746e+06   2.1800028120030542e+06
 -6.7065434228596524e-03   2.1800004102093684e+06   2.1800028541386891e+06
 -6.7007023867883811e-03   2.1800004162652628e+06   2.1800028962743240e+06
 -6.6948613507171097e-03   2.1800004223211566e+06   2.1800029384099585e+06
 -6.6890203146458375e-03   2.1800004283770504e+06   2.1800029805455934e+06
 -6.6831792785745662e-03   2.1800004344329438e+06   2.1800030226812279e+06
 -6.6773382425032940e-03   2.1800004404888377e+06   2.1800030648168633e+06
 -6.6714972064320227e-03   2.1800004465447315e+06   2.1800031069524977e+06
 -6.6656561703607514e-03   2.1800004526006258e+06   2.1800031490881322e+06
 -6.6598151342894792e-03   2.1800004586565197e+06   2.1800031912237671e+06
 -6.6539740982182079e-03   2.1800004647124135e+06   2.1800032333594020e+06
 -6.6481330621469357e-03   2.1800004707683069e+06   2.1800032754950365e+06
 -6.6422920260756644e-03   2.1800004768242007e+06   2.1800033176306714e+06
 -6.6364509900043922e-03   2.1800004828800950e+06   2.1800033597663064e+06
 -6.6306099539331208e-03   2.1800004889359889e+06   2.1800034019019408e+06
 -6.6247689178618495e-03   2.1800004949918827e+06   2.1800034440375757e+06
 -6.6189278817905773e-03   2.1800005010477765e+06   2.1800034861732102e+06
 -6.6130868457193060e-03   2.1800005071036699e+06   2.1800035283088451e+06
 -6.6072458096480338e-03   2.1800005131595638e+06   2.1800035704444801e+06
 -6.6014047735767625e-03   2.1800005192154581e+06   2.1800036125801145e+06
 -6.5955637375054912e-03   2.1800005252713519e+06   2.1800036547157490e+06
 -6.5897227014342190e-03   2.1800005313272458e+06   2.1800036968513844e+06
 -6.5838816653629477e-03   2.1800005373831391e+06   2.1800037389870188e+06
 -6.5780406292916755e-03   2.1800005434390330e+06   2.1800037811226533e+06
 -6.5721995932204041e-03   2.1800005494949268e+06   2.1800038232582882e+06
 -6.5663585571491328e-03   2.1800005555508211e+06   2.1800038653939231e+06
 -6.5605175210778606e-03   2.1800005616067150e+06   2.1800039075295576e+06
 -6.5546764850065893e-03   2.1800005676626088e+06   2.1800039496651925e+06
 -6.5488354489353171e-03   2.1800005737185022e+06   2.1800039918008274e+06
 -6.5429944128640458e-03   2.1800005797743960e+06   2.1800040339364624e+06
 -6.5371533767927736e-03   2.1800005858302903e+06   2.1800040760720968e+06
 -6.5313123407215023e-03   2.1800005918861842e+06   2.1800041182077313e+06
 -6.5254713046502310e-03   2.1800005979420780e+06   2.1800041603433667e+06
 -6.5196302685789588e-03   2.1800006039979719e+06   2.1800042024790011e+06
 -6.5137892325076874e-03   2.1800006100538652e+06   2.1800042446146356e+06
 -6.5079481964364153e-03   2.1800006161097591e+06   2.1800042867502705e+06
 -6.5021071603651439e-03   2.1800006221656534e+06   2.1800043288859054e+06
 -6.4962661242938726e-03   2.1800006282215472e+06   2.1800043710215399e+06
 -6.4904250882226004e-03   2.1800006342774411e+06   2.1800044131571748e+06
 -6.4845840521513291e-03   2.1800006403333344e+06   2.1800044552928093e+06
 -6.4787430160800569e-03   2.1800006463892283e+06   2.1800044974284442e+06
 -6.4729019800087856e-03   2.1800006524451226e+06   2.1800045395640791e+06
 -6.4670609439375143e-03   2.1800006585010164e+06   2.1800045816997136e+06
 -6.4612199078662421e-03   2.1800006645569103e+06   2.1800046238353485e+06
 -6.4553788717949707e-03   2.1800006706128041e+06   2.1800046659709834e+06
 -6.4495378357236986e-03   2.1800006766686975e+06   2.1800047081066179e+06
 -6.4436967996524272e-03   2.1800006827245913e+06   2.1800047502422524e+06
 -6.4378557635811550e-03   2.1800006887804857e+06   2.1800047923778878e+06
 -6.4320147275098837e-03   2.1800006948363795e+06   2.1800048345135222e+06
 -6.4261736914386124e-03   2.1800007008922733e+06   2.1800048766491567e+06
 -6.4203326553673402e-03   2.1800007069481667e+06   2.1800049187847916e+06
 -6.4144916192960689e-03   2.1800007130040606e+06   2.1800049609204265e+06
 -6.4086505832247967e-03   2.1800007190599544e+06   2.1800050030560615e+06
 -6.4028095471535254e-03   2.1800007251158487e+06   2.1800050451916959e+06
 -6.3969685110822540e-03   2.1800007311717425e+06   2.1800050873273308e+06
 -6.3911274750109819e-03   2.1800007372276364e+06   2.1800051294629658e+06
 -6.3852864389397105e-03   2.1800007432835298e+06   2.1800051715986002e+06
 -6.3794454028684383e-03   2.1800007493394236e+06   2.1800052137342347e+06
 -6.3736043667971670e-03   2.1800007553953179e+06   2.1800052558698701e+06
 -6.3677633307258957e-03   2.1800007614512118e+06   2.1800052980055045e+06
 -6.3619222946546235e-03   2.1800007675071056e+06   2.1800053401411390e+06
 -6.3560812585833522e-03   2.1800007735629994e+06   2.1800053822767739e+06
 -6.3502402225120800e-03   2.1800007796188928e+06   2.1800054244124088e+06
 -6.3443991864408087e-03   2.1800007856747867e+06   2.1800054665480433e+06
 -6.3385581503695365e-03   2.1800007917306810e+06   2.1800055086836782e+06
 -6.3327171142982652e-03   2.1800007977865748e+06   2.1800055508193127e+06
 -6.3268760782269938e-03   2.1800008038424687e+06   2.1800055929549476e+06
 -6.3210350421557216e-03   2.1800008098983620e+06   2.1800056350905825e+06
 -6.3151940060844503e-03   2.1800008159542559e+06   2.1800056772262170e+06
 -6.3093529700131781e-03   2.1800008220101502e+06   2.1800057193618519e+06
 -6.3035119339419068e-03   2.1800008280660440e+06   2.1800057614974868e+06
 -6.2976708978706346e-03   2.1800008341219379e+06   2.1800058036331213e+06
 -6.2918298617993633e-03   2.1800008401778317e+06   2.1800058457687562e+06
 -6.2859888257280920e-03   2.1800008462337251e+06   2.1800058879043912e+06
 -6.2801477896568198e-03   2.1800008522896189e+06   2.1800059300400256e+06
 -6.2743067535855485e-03   2.1800008583455132e+06   2.1800059721756605e+06
 -6.2684657175142771e-03   2.1800008644014071e+06   2.1800060143112950e+06
 -6.2626246814430049e-03   2.1800008704573009e+06   2.1800060564469299e+06
 -6.2567836453717336e-03   2.1800008765131948e+06   2.1800060985825649e+06
 -6.2509426093004614e-03   2.1800008825690881e+06   2.1800061407181993e+06
 -6.2451015732291901e-03   2.1800008886249820e+06   2.1800061828538338e+06
 -6.2392605371579179e-03   2.1800008946808763e+06   2.1800062249894692e+06
 -6.2334195010866466e-03   2.1800009007367701e+06   2.1800062671251036e+06
 -6.2275784650153753e-03   2.1800009067926640e+06   2.1800063092607381e+06
 -6.2217374289441031e-03   2.1800009128485573e+06   2.1800063513963735e+06
 -6.2158963928728318e-03   2.1800009189044512e+06   2.1800063935320079e+06
 -6.2100553568015596e-03   2.1800009249603455e+06   2.1800064356676424e+06
 -6.2042143207302882e-03   2.1800009310162393e+06   2.1800064778032773e+06
 -6.1983732846590161e-03   2.1800009370721332e+06   2.1800065199389122e+06
 -6.1925322485877447e-03   2.1800009431280270e+06   2.1800065620745467e+06
 -6.1866912125164734e-03   2.1800009491839204e+06   2.1800066042101816e+06
 -6.1808501764452012e-03   2.1800009552398142e+06   2.1800066463458161e+06
 -6.1750091403739299e-03   2.1800009612957085e+06   2.1800066884814515e+06
 -6.1691681043026586e-03   2.1800009673516024e+06   2.1800067306170859e+06
 -6.1633270682313864e-03   2.1800009734074962e+06   2.1800067727527204e+06
 -6.1574860321601151e-03   2.1800009794633901e+06   2.1800068148883558e+06
 -6.1516449960888429e-03   2.1800009855192835e+06   2.1800068570239902e+06
 -6.1458039600175715e-03   2.1800009915751778e+06   2.1800068991596247e+06
 -6.1399629239462994e-03   2.1800009976310716e+06   2.1800069412952596e+06
 -6.1341218878750280e-03   2.1800010036869654e+06   2.1800069834308946e+06
 -6.1282808518037567e-03   2.1800010097428593e+06   2.1800070255665290e+06
 -6.1224398157324845e-03   2.1800010157987527e+06   2.1800070677021639e+06
 -6.1165987796612132e-03   2.1800010218546465e+06   2.1800071098377984e+06
 -6.1107577435899410e-03   2.1800010279105408e+06   2.1800071519734333e+06
 -6.1049167075186697e-03   2.1800010339664347e+06   2.1800071941090683e+06
 -6.0990756714473975e-03   2.1800010400223285e+06   2.1800072362447027e+06
 -6.0932346353761262e-03   2.1800010460782223e+06   2.1800072783803372e+06
 -6.0873935993048548e-03   2.1800010521341157e+06   2.1800073205159726e+06
 -6.0815525632335827e-03   2.1800010581900096e+06   2.1800073626516070e+06
 -6.0757115271623113e-03   2.1800010642459039e+06   2.1800074047872415e+06
 -6.0698704910910400e-03   2.1800010703017977e+06   2.1800074469228769e+06
 -6.0640294550197678e-03   2.1800010763576915e+06   2.1800074890585113e+06
 -6.0581884189484965e-03   2.1800010824135854e+06   2.1800075311941458e+06
 -6.0523473828772243e-03   2.1800010884694788e+06   2.1800075733297807e+06
 -6.0465063468059530e-03   2.1800010945253731e+06   2.1800076154654156e+06
 -6.0406653107346808e-03   2.1800011005812669e+06   2.1800076576010506e+06
 -6.0348242746634095e-03   2.1800011066371608e+06   2.1800076997366850e+06
 -6.0289832385921381e-03   2.1800011126930546e+06   2.1800077418723195e+06
 -6.0231422025208660e-03   2.1800011187489480e+06   2.1800077840079549e+06
 -6.0173011664495946e-03   2.1800011248048418e+06   2.1800078261435893e+06
 -6.0114601303783224e-03   2.1800011308607361e+06   2.1800078682792238e+06
 -6.0056190943070511e-03   2.1800011369166300e+06   2.1800079104148592e+06
 -5.9997780582357789e-03   2.1800011429725238e+06   2.1800079525504936e+06
 -5.9939370221645076e-03   2.1800011490284177e+06   2.1800079946861281e+06
 -5.9880959860932363e-03   2.1800011550843110e+06   2.1800080368217630e+06
 -5.9822549500219641e-03   2.1800011611402053e+06   2.1800080789573980e+06
 -5.9764139139506928e-03   2.1800011671960992e+06   2.1800081210930324e+06
 -5.9705728778794214e-03   2.1800011732519930e+06   2.1800081632286673e+06
 -5.9647318418081493e-03   2.1800011793078869e+06   2.1800082053643018e+06
 -5.9588908057368779e-03   2.1800011853637807e+06   2.1800082474999367e+06
 -5.9530497696656057e-03   2.1800011914196741e+06   2.1800082896355717e+06
 -5.9472087335943344e-03   2.1800011974755684e+06   2.1800083317712061e+06
 -5.9413676975230622e-03   2.1800012035314622e+06   2.1800083739068406e+06
 -5.9355266614517909e-03   2.1800012095873561e+06   2.1800084160424760e+06
 -5.9296856253805196e-03   2.1800012156432499e+06   2.1800084581781104e+06
 -5.9238445893092474e-03   2.1800012216991433e+06   2.1800085003137449e+06
 -5.9180035532379761e-03   2.1800012277550371e+06   2.1800085424493803e+06
 -5.9121625171667039e-03   2.1800012338109314e+06   2.1800085845850147e+06
 -5.9063214810954326e-03   2.1800012398668253e+06   2.1800086267206497e+06
 -5.9004804450241604e-03   2.1800012459227191e+06   2.1800086688562841e+06
 -5.8946394089528890e-03   2.1800012519786130e+06   2.1800087109919190e+06
 -5.8887983728816177e-03   2.1800012580345063e+06   2.1800087531275540e+06
 -5.8829573368103455e-03   2.1800012640904007e+06   2.1800087952631884e+06
 -5.8771163007390742e-03   2.1800012701462945e+06   2.1800088373988229e+06
 -5.8712752646678029e-03   2.1800012762021883e+06   2.1800088795344583e+06
 -5.8654342285965307e-03   2.1800012822580822e+06   2.1800089216700927e+06
 -5.8595931925252594e-03   2.1800012883139760e+06   2.1800089638057272e+06
 -5.8537521564539872e-03   2.1800012943698694e+06   2.1800090059413621e+06
 -5.8479111203827159e-03   2.1800013004257637e+06   2.1800090480769970e+06
 -5.8420700843114437e-03   2.1800013064816575e+06   2.1800090902126315e+06
 -5.8362290482401723e-03   2.1800013125375514e+06   2.1800091323482664e+06
 -5.8303880121689010e-03   2.1800013185934452e+06   2.1800091744839014e+06
 -5.8245469760976288e-03   2.1800013246493386e+06   2.1800092166195358e+06
 -5.8187059400263575e-03   2.1800013307052325e+06   2.1800092587551707e+06
 -5.8128649039550853e-03   2.1800013367611268e+06   2.1800093008908052e+06
 -5.8070238678838140e-03   2.1800013428170206e+06   2.1800093430264401e+06
 -5.8011828318125418e-03   2.1800013488729144e+06   2.1800093851620751e+06
 -5.7953417957412705e-03   2.1800013549288083e+06   2.1800094272977095e+06
 -5.7895007596699992e-03   2.1800013609847017e+06   2.1800094694333440e+06
 -5.7836597235987270e-03   2.1800013670405960e+06   2.1800095115689794e+06
 -5.7778186875274556e-03   2.1800013730964898e+06   2.1800095537046138e+06
 -5.7719776514561843e-03   2.1800013791523837e+06   2.1800095958402487e+06
 -5.7661366153849121e-03   2.1800013852082775e+06   2.1800096379758837e+06
 -5.7602955793136408e-03   2.1800013912641709e+06   2.1800096801115181e+06
 -5.7544545432423686e-03   2.1800013973200647e+06   2.1800097222471531e+06
 -5.7486135071710973e-03   2.1800014033759590e+06   2.1800097643827875e+06
 -5.7427724710998251e-03   2.1800014094318529e+06   2.1800098065184224e+06
 -5.7369314350285538e-03   2.1800014154877467e+06   2.1800098486540574e+06
 -5.7310903989572825e-03   2.1800014215436406e+06   2.1800098907896918e+06
 -5.7252493628860103e-03   2.1800014275995339e+06   2.1800099329253263e+06
 -5.7194083268147389e-03   2.1800014336554282e+06   2.1800099750609617e+06
 -5.7135672907434668e-03   2.1800014397113221e+06   2.1800100171965961e+06
 -5.7077262546721954e-03   2.1800014457672159e+06   2.1800100593322306e+06
 -5.7018852186009232e-03   2.1800014518231098e+06   2.1800101014678655e+06
 -5.6960441825296519e-03   2.1800014578790036e+06   2.1800101436035004e+06
 -5.6902031464583806e-03   2.1800014639348970e+06   2.1800101857391349e+06
 -5.6843621103871084e-03   2.1800014699907913e+06   2.1800102278747698e+06
 -5.6785210743158371e-03   2.1800014760466851e+06   2.1800102700104048e+06
 -5.6726800382445658e-03   2.1800014821025790e+06   2.1800103121460392e+06
 -5.6668390021732936e-03   2.1800014881584728e+06   2.1800103542816741e+06
 -5.6609979661020222e-03   2.1800014942143662e+06   2.1800103964173086e+06
 -5.6551569300307501e-03   2.1800015002702600e+06   2.1800104385529440e+06
 -5.6493158939594787e-03   2.1800015063261543e+06   2.1800104806885784e+06
 -5.6434748578882065e-03   2.1800015123820482e+06   2.1800105228242129e+06
 -5.6376338218169352e-03   2.1800015184379420e+06   2.1800105649598478e+06
 -5.6317927857456639e-03   2.1800015244938359e+06   2.1800106070954828e+06
 -5.6259517496743917e-03   2.1800015305497292e+06   2.1800106492311172e+06
 -5.6201107136031204e-03   2.1800015366056236e+06   2.1800106913667521e+06
 -5.6142696775318482e-03   2.1800015426615174e+06   2.1800107335023866e+06
 -5.6084286414605769e-03   2.1800015487174112e+06   2.1800107756380215e+06
 -5.6025876053893047e-03   2.1800015547733051e+06   2.1800108177736565e+06
 -5.5967465693180334e-03   2.1800015608291989e+06   2.1800108599092909e+06
 -5.5909055332467620e-03   2.1800015668850923e+06   2.1800109020449258e+06
 -5.5850644971754898e-03   2.1800015729409866e+06   2.1800109441805608e+06
 -5.5792234611042185e-03   2.1800015789968804e+06   2.1800109863161952e+06
 -5.5733824250329472e-03   2.1800015850527743e+06   2.1800110284518297e+06
 -5.5675413889616750e-03   2.1800015911086681e+06   2.1800110705874651e+06
 -5.5617003528904037e-03   2.1800015971645615e+06   2.1800111127230995e+06
 -5.5558593168191315e-03   2.1800016032204558e+06   2.1800111548587340e+06
 -5.5500182807478602e-03   2.1800016092763497e+06   2.1800111969943689e+06
 -5.5441772446765880e-03   2.1800016153322435e+06   2.1800112391300038e+06
 -5.5383362086053167e-03   2.1800016213881373e+06   2.1800112812656388e+06
 -5.5324951725340453e-03   2.1800016274440312e+06   2.1800113234012732e+06
 -5.5266541364627731e-03   2.1800016334999246e+06   2.1800113655369082e+06
 -5.5208131003915018e-03   2.1800016395558189e+06   2.1800114076725431e+06
 -5.5149720643202296e-03   2.1800016456117127e+06   2.1800114498081775e+06
 -5.5091310282489583e-03   2.1800016516676066e+06   2.1800114919438120e+06
 -5.5032899921776861e-03   2.1800016577235004e+06   2.1800115340794474e+06
 -5.4974489561064148e-03   2.1800016637793942e+06   2.1800115762150818e+06
 -5.4916079200351435e-03   2.1800016698352876e+06   2.1800116183507163e+06
 -5.4857668839638713e-03   2.1800016758911819e+06   2.1800116604863512e+06
 -5.4799258478926000e-03   2.1800016819470758e+06   2.1800117026219862e+06
 -5.4740848118213286e-03   2.1800016880029696e+06   2.1800117447576206e+06
 -5.4682437757500564e-03   2.1800016940588634e+06   2.1800117868932555e+06
 -5.4624027396787851e-03   2.1800017001147568e+06   2.1800118290288900e+06
 -5.4565617036075129e-03   2.1800017061706511e+06   2.1800118711645249e+06
 -5.4507206675362416e-03   2.1800017122265450e+06   2.1800119133001599e+06
 -5.4448796314649694e-03   2.1800017182824388e+06   2.1800119554357943e+06
 -5.4390385953936981e-03   2.1800017243383327e+06   2.1800119975714292e+06
 -5.4331975593224268e-03   2.1800017303942265e+06   2.1800120397070642e+06
 -5.4273565232511546e-03   2.1800017364501199e+06   2.1800120818426986e+06
 -5.4215154871798833e-03   2.1800017425060142e+06   2.1800121239783331e+06
 -5.4156744511086111e-03   2.1800017485619080e+06   2.1800121661139685e+06
 -5.4098334150373397e-03   2.1800017546178019e+06   2.1800122082496029e+06
 -5.4039923789660676e-03   2.1800017606736957e+06   2.1800122503852379e+06
 -5.3981513428947962e-03   2.1800017667295896e+06   2.1800122925208723e+06
 -5.3923103068235249e-03   2.1800017727854834e+06   2.1800123346565072e+06
 -5.3864692707522527e-03   2.1800017788413772e+06   2.1800123767921422e+06
 -5.3806282346809814e-03   2.1800017848972711e+06   2.1800124189277766e+06
 -5.3747871986097101e-03   2.1800017909531649e+06   2.1800124610634111e+06
 -5.3689461625384379e-03   2.1800017970090588e+06   2.1800125031990465e+06
 -5.3631051264671657e-03   2.1800018030649521e+06   2.1800125453346809e+06
 -5.3572640903958944e-03   2.1800018091208464e+06   2.1800125874703154e+06
 -5.3514230543246230e-03   2.1800018151767403e+06   2.1800126296059508e+06
 -5.3455820182533509e-03   2.1800018212326341e+06   2.1800126717415852e+06
 -5.3397409821820795e-03   2.1800018272885280e+06   2.1800127138772197e+06
 -5.3338999461108082e-03   2.1800018333444218e+06   2.1800127560128546e+06
 -5.3280589100395360e-03   2.1800018394003152e+06   2.1800127981484896e+06
 -5.3222178739682647e-03   2.1800018454562095e+06   2.1800128402841240e+06
 -5.3163768378969925e-03   2.1800018515121033e+06   2.1800128824197589e+06
 -5.3105358018257212e-03   2.1800018575679972e+06   2.1800129245553934e+06
 -5.3046947657544490e-03   2.1800018636238910e+06   2.1800129666910283e+06
 -5.2988537296831777e-03   2.1800018696797849e+06   2.1800130088266633e+06
 -5.2930126936119063e-03   2.1800018757356787e+06   2.1800130509622977e+06
 -5.2871716575406342e-03   2.1800018817915726e+06   2.1800130930979331e+06
 -5.2813306214693628e-03   2.1800018878474664e+06   2.1800131352335676e+06
 -5.2754895853980915e-03   2.1800018939033602e+06   2.1800131773692020e+06
 -5.2696485493268193e-03   2.1800018999592541e+06   2.1800132195048369e+06
 -5.2638075132555471e-03   2.1800019060151475e+06   2.1800132616404719e+06
 -5.2579664771842758e-03   2.1800019120710418e+06   2.1800133037761063e+06
 -5.2521254411130045e-03   2.1800019181269356e+06   2.1800133459117413e+06
 -5.2462844050417323e-03   2.1800019241828294e+06   2.1800133880473757e+06
 -5.2404433689704610e-03   2.1800019302387233e+06   2.1800134301830106e+06
 -5.2346023328991896e-03   2.1800019362946171e+06   2.1800134723186456e+06
 -5.2287612968279175e-03   2.1800019423505110e+06   2.1800135144542800e+06
 -5.2229202607566461e-03   2.1800019484064048e+06   2.1800135565899145e+06
 -5.2170792246853739e-03   2.1800019544622987e+06   2.1800135987255499e+06
 -5.2112381886141026e-03   2.1800019605181925e+06   2.1800136408611843e+06
 -5.2053971525428304e-03   2.1800019665740863e+06   2.1800136829968188e+06
 -5.1995561164715591e-03   2.1800019726299802e+06   2.1800137251324542e+06
 -5.1937150804002878e-03   2.1800019786858740e+06   2.1800137672680886e+06
 -5.1878740443290156e-03   2.1800019847417679e+06   2.1800138094037231e+06
 -5.1820330082577443e-03   2.1800019907976617e+06   2.1800138515393580e+06
 -5.1761919721864729e-03   2.1800019968535556e+06   2.1800138936749930e+06
 -5.1703509361152008e-03   2.1800020029094494e+06   2.1800139358106274e+06
 -5.1645099000439286e-03   2.1800020089653428e+06   2.1800139779462623e+06
 -5.1586688639726572e-03   2.1800020150212371e+06   2.1800140200818968e+06
 -5.1528278279013859e-03   2.1800020210771309e+06   2.1800140622175322e+06
 -5.1469867918301137e-03   2.1800020271330248e+06   2.1800141043531667e+06
 -5.1411457557588424e-03   2.1800020331889186e+06   2.1800141464888011e+06
 -5.1353047196875711e-03   2.1800020392448124e+06   2.1800141886244360e+06
 -5.1294636836162989e-03   2.1800020453007063e+06   2.1800142307600710e+06
 -5.1236226475450276e-03   2.1800020513566001e+06   2.1800142728957054e+06
 -5.1177816114737554e-03   2.1800020574124940e+06   2.1800143150313403e+06
 -5.1119405754024841e-03   2.1800020634683878e+06   2.1800143571669753e+06
 -5.1060995393312119e-03   2.1800020695242817e+06   2.1800143993026097e+06
 -5.1002585032599405e-03   2.1800020755801750e+06   2.1800144414382447e+06
 -5.0944174671886692e-03   2.1800020816360693e+06   2.1800144835738791e+06
 -5.0885764311173970e-03   2.1800020876919632e+06   2.1800145257095140e+06
 -5.0827353950461257e-03   2.1800020937478570e+06   2.1800145678451490e+06
 -5.0768943589748544e-03   2.1800020998037509e+06   2.1800146099807834e+06
 -5.0710533229035822e-03   2.1800021058596447e+06   2.1800146521164179e+06
 -5.0652122868323100e-03   2.1800021119155386e+06   2.1800146942520533e+06
 -5.0593712507610387e-03   2.1800021179714324e+06   2.1800147363876877e+06
 -5.0535302146897674e-03   2.1800021240273262e+06   2.1800147785233222e+06
 -5.0476891786184952e-03   2.1800021300832201e+06   2.1800148206589576e+06
 -5.0418481425472238e-03   2.1800021361391139e+06   2.1800148627945920e+06
 -5.0360071064759525e-03   2.1800021421950078e+06   2.1800149049302265e+06
 -5.0301660704046803e-03   2.1800021482509016e+06   2.1800149470658614e+06
 -5.0243250343334090e-03   2.1800021543067954e+06   2.1800149892014964e+06
 -5.0184839982621368e-03   2.1800021603626893e+06   2.1800150313371313e+06
 -5.0126429621908655e-03   2.1800021664185831e+06   2.1800150734727657e+06
 -5.0068019261195933e-03   2.1800021724744770e+06   2.1800151156084002e+06
 -5.0009608900483220e-03   2.1800021785303704e+06   2.1800151577440356e+06
 -4.9951198539770507e-03   2.1800021845862647e+06   2.1800151998796700e+06
 -4.9892788179057785e-03   2.1800021906421585e+06   2.1800152420153045e+06
 -4.9834377818345071e-03   2.1800021966980523e+06   2.1800152841509394e+06
 -4.9775967457632358e-03   2.1800022027539462e+06   2.1800153262865744e+06
 -4.9717557096919636e-03   2.1800022088098400e+06   2.1800153684222088e+06
 -4.9659146736206914e-03   2.1800022148657339e+06   2.1800154105578437e+06
 -4.9600736375494201e-03   2.1800022209216277e+06   2.1800154526934787e+06
 -4.9542326014781488e-03   2.1800022269775216e+06   2.1800154948291131e+06
 -4.9483915654068766e-03   2.1800022330334154e+06   2.1800155369647481e+06
 -4.9425505293356053e-03   2.1800022390893092e+06   2.1800155791003825e+06
 -4.9367094932643340e-03   2.1800022451452031e+06   2.1800156212360174e+06
 -4.9308684571930618e-03   2.1800022512010969e+06   2.1800156633716524e+06
 -4.9250274211217904e-03   2.1800022572569908e+06   2.1800157055072868e+06
 -4.9191863850505183e-03   2.1800022633128846e+06   2.1800157476429213e+06
 -4.9133453489792469e-03   2.1800022693687784e+06   2.1800157897785567e+06
 -4.9075043129079747e-03   2.1800022754246723e+06   2.1800158319141911e+06
 -4.9016632768367034e-03   2.1800022814805661e+06   2.1800158740498256e+06
 -4.8958222407654321e-03   2.1800022875364600e+06   2.1800159161854605e+06
 -4.8899812046941599e-03   2.1800022935923538e+06   2.1800159583210954e+06
 -4.8841401686228886e-03   2.1800022996482477e+06   2.1800160004567304e+06
 -4.8782991325516173e-03   2.1800023057041415e+06   2.1800160425923648e+06
 -4.8724580964803451e-03   2.1800023117600353e+06   2.1800160847279998e+06
 -4.8666170604090729e-03   2.1800023178159292e+06   2.1800161268636347e+06
 -4.8607760243378016e-03   2.1800023238718230e+06   2.1800161689992691e+06
 -4.8549349882665302e-03   2.1800023299277169e+06   2.1800162111349036e+06
 -4.8490939521952580e-03   2.1800023359836107e+06   2.1800162532705390e+06
 -4.8432529161239867e-03   2.1800023420395046e+06   2.1800162954061734e+06
 -4.8374118800527154e-03   2.1800023480953989e+06   2.1800163375418079e+06
 -4.8315708439814432e-03   2.1800023541512922e+06   2.1800163796774428e+06
 -4.8257298079101710e-03   2.1800023602071861e+06   2.1800164218130778e+06
 -4.8198887718389006e-03   2.1800023662630799e+06   2.1800164639487122e+06
 -4.8140477357676284e-03   2.1800023723189738e+06   2.1800165060843471e+06
 -4.8082066996963562e-03   2.1800023783748676e+06   2.1800165482199821e+06
 -4.8023656636250849e-03   2.1800023844307614e+06   2.1800165903556165e+06
 -4.7965246275538135e-03   2.1800023904866553e+06   2.1800166324912515e+06
 -4.7906835914825413e-03   2.1800023965425491e+06   2.1800166746268859e+06
 -4.7848425554112700e-03   2.1800024025984430e+06   2.1800167167625208e+06
 -4.7790015193399987e-03   2.1800024086543368e+06   2.1800167588981558e+06
 -4.7731604832687265e-03   2.1800024147102307e+06   2.1800168010337902e+06
 -4.7673194471974543e-03   2.1800024207661245e+06   2.1800168431694251e+06
 -4.7614784111261830e-03   2.1800024268220183e+06   2.1800168853050601e+06
 -4.7556373750549117e-03   2.1800024328779122e+06   2.1800169274406945e+06
 -4.7497963389836395e-03   2.1800024389338060e+06   2.1800169695763295e+06
 -4.7439553029123682e-03   2.1800024449896999e+06   2.1800170117119639e+06
 -4.7381142668410968e-03   2.1800024510455942e+06   2.1800170538475988e+06
 -4.7322732307698246e-03   2.1800024571014876e+06   2.1800170959832338e+06
 -4.7264321946985524e-03   2.1800024631573814e+06   2.1800171381188682e+06
 -4.7205911586272820e-03   2.1800024692132752e+06   2.1800171802545032e+06
 -4.7147501225560098e-03   2.1800024752691691e+06   2.1800172223901381e+06
 -4.7089090864847376e-03   2.1800024813250629e+06   2.1800172645257725e+06
 -4.7030680504134663e-03   2.1800024873809568e+06   2.1800173066614070e+06
 -4.6972270143421950e-03   2.1800024934368506e+06   2.1800173487970424e+06
 -4.6913859782709228e-03   2.1800024994927444e+06   2.1800173909326768e+06
 -4.6855449421996515e-03   2.1800025055486383e+06   2.1800174330683113e+06
 -4.6797039061283801e-03   2.1800025116045321e+06   2.1800174752039462e+06
 -4.6738628700571079e-03   2.1800025176604264e+06   2.1800175173395812e+06
 -4.6680218339858357e-03   2.1800025237163198e+06   2.1800175594752156e+06
 -4.6621807979145644e-03   2.1800025297722137e+06   2.1800176016108505e+06
 -4.6563397618432931e-03   2.1800025358281075e+06   2.1800176437464850e+06
 -4.6504987257720209e-03   2.1800025418840013e+06   2.1800176858821204e+06
 -4.6446576897007496e-03   2.1800025479398952e+06   2.1800177280177549e+06
 -4.6388166536294783e-03   2.1800025539957895e+06   2.1800177701533893e+06
 -4.6329756175582061e-03   2.1800025600516829e+06   2.1800178122890247e+06
 -4.6271345814869339e-03   2.1800025661075767e+06   2.1800178544246592e+06
 -4.6212935454156634e-03   2.1800025721634706e+06   2.1800178965602936e+06
 -4.6154525093443912e-03   2.1800025782193644e+06   2.1800179386959285e+06
 -4.6096114732731190e-03   2.1800025842752582e+06   2.1800179808315635e+06
 -4.6037704372018477e-03   2.1800025903311521e+06   2.1800180229671979e+06
 -4.5979294011305764e-03   2.1800025963870459e+06   2.1800180651028329e+06
 -4.5920883650593042e-03   2.1800026024429398e+06   2.1800181072384673e+06
 -4.5862473289880329e-03   2.1800026084988336e+06   2.1800181493741022e+06
 -4.5804062929167616e-03   2.1800026145547275e+06   2.1800181915097372e+06
 -4.5745652568454894e-03   2.1800026206106218e+06   2.1800182336453716e+06
 -4.5687242207742172e-03   2.1800026266665151e+06   2.1800182757810066e+06
 -4.5628831847029459e-03   2.1800026327224090e+06   2.1800183179166415e+06
 -4.5570421486316745e-03   2.1800026387783028e+06   2.1800183600522759e+06
 -4.5512011125604023e-03   2.1800026448341967e+06   2.1800184021879104e+06
 -4.5453600764891310e-03   2.1800026508900905e+06   2.1800184443235458e+06
 -4.5395190404178597e-03   2.1800026569459848e+06   2.1800184864591802e+06
 -4.5336780043465875e-03   2.1800026630018782e+06   2.1800185285948147e+06
 -4.5278369682753153e-03   2.1800026690577720e+06   2.1800185707304496e+06
 -4.5219959322040449e-03   2.1800026751136659e+06   2.1800186128660846e+06
 -4.5161548961327727e-03   2.1800026811695597e+06   2.1800186550017195e+06
 -4.5103138600615005e-03   2.1800026872254540e+06   2.1800186971373539e+06
 -4.5044728239902292e-03   2.1800026932813474e+06   2.1800187392729884e+06
 -4.4986317879189578e-03   2.1800026993372412e+06   2.1800187814086238e+06
 -4.4927907518476856e-03   2.1800027053931351e+06   2.1800188235442583e+06
 -4.4869497157764143e-03   2.1800027114490289e+06   2.1800188656798927e+06
 -4.4811086797051430e-03   2.1800027175049228e+06   2.1800189078155281e+06
 -4.4752676436338708e-03   2.1800027235608171e+06   2.1800189499511626e+06
 -4.4694266075625986e-03   2.1800027296167105e+06   2.1800189920867970e+06
 -4.4635855714913273e-03   2.1800027356726043e+06   2.1800190342224319e+06
 -4.4577445354200560e-03   2.1800027498680502e+06   2.1800191329892837e+06
 -4.4519034993487838e-03   2.1800027705679801e+06   2.1800192770113070e+06
 -4.4460624632775125e-03   2.1800027912679100e+06   2.1800194210333303e+06
 -4.4402214272062411e-03   2.1800028119678404e+06   2.1800195650553536e+06
 -4.4343803911349690e-03   2.1800028326677703e+06   2.1800197090773764e+06
 -4.4285393550636968e-03   2.1800028533677002e+06   2.1800198530994002e+06
 -4.4226983189924263e-03   2.1800028740676302e+06   2.1800199971214235e+06
 -4.4168572829211541e-03   2.1800028947675601e+06   2.1800201411434468e+06
 -4.4110162468498819e-03   2.1800029154674900e+06   2.1800202851654696e+06
 -4.4051752107786106e-03   2.1800029361674199e+06   2.1800204291874929e+06
 -4.3993341747073393e-03   2.1800029568673498e+06   2.1800205732095167e+06
 -4.3934931386360671e-03   2.1800029775672797e+06   2.1800207172315395e+06
 -4.3876521025647958e-03   2.1800029982672096e+06   2.1800208612535628e+06
 -4.3818110664935244e-03   2.1800030189671395e+06   2.1800210052755862e+06
 -4.3759700304222523e-03   2.1800030396670694e+06   2.1800211492976090e+06
 -4.3701289943509801e-03   2.1800030603669994e+06   2.1800212933196328e+06
 -4.3642879582797087e-03   2.1800030810669293e+06   2.1800214373416561e+06
 -4.3584469222084374e-03   2.1800031017668592e+06   2.1800215813636794e+06
 -4.3526058861371652e-03   2.1800031224667891e+06   2.1800217253857022e+06
 -4.3467648500658939e-03   2.1800031431667190e+06   2.1800218694077255e+06
 -4.3409238139946226e-03   2.1800031638666489e+06   2.1800220134297493e+06
 -4.3350827779233504e-03   2.1800031845665788e+06   2.1800221574517721e+06
 -4.3292417418520782e-03   2.1800032052665087e+06   2.1800223014737954e+06
 -4.3234007057808077e-03   2.1800032259664387e+06   2.1800224454958187e+06
 -4.3175596697095356e-03   2.1800032466663690e+06   2.1800225895178420e+06
 -4.3117186336382634e-03   2.1800032673662989e+06   2.1800227335398654e+06
 -4.3058775975669920e-03   2.1800032880662293e+06   2.1800228775618887e+06
 -4.3000365614957207e-03   2.1800033087661592e+06   2.1800230215839120e+06
 -4.2941955254244485e-03   2.1800033294660891e+06   2.1800231656059348e+06
 -4.2883544893531772e-03   2.1800033501660191e+06   2.1800233096279581e+06
 -4.2825134532819059e-03   2.1800033708659490e+06   2.1800234536499819e+06
 -4.2766724172106337e-03   2.1800033915658789e+06   2.1800235976720047e+06
 -4.2708313811393615e-03   2.1800034122658088e+06   2.1800237416940280e+06
 -4.2649903450680902e-03   2.1800034329657387e+06   2.1800238857160513e+06
 -4.2591493089968189e-03   2.1800034536656686e+06   2.1800240297380746e+06
 -4.2533082729255467e-03   2.1800034743655985e+06   2.1800241737600979e+06
 -4.2474672368542753e-03   2.1800034950655284e+06   2.1800243177821212e+06
 -4.2416262007830040e-03   2.1800035157654583e+06   2.1800244618041446e+06
 -4.2357851647117318e-03   2.1800035364653883e+06   2.1800246058261674e+06
 -4.2299441286404596e-03   2.1800035571653182e+06   2.1800247498481907e+06
 -4.2241030925691892e-03   2.1800035778652481e+06   2.1800248938702145e+06
 -4.2182620564979170e-03   2.1800035985651780e+06   2.1800250378922378e+06
 -4.2124210204266448e-03   2.1800036192651079e+06   2.1800251819142606e+06
 -4.2065799843553735e-03   2.1800036399650383e+06   2.1800253259362839e+06
 -4.2007389482841022e-03   2.1800036606649682e+06   2.1800254699583072e+06
 -4.1948979122128300e-03   2.1800036813648981e+06   2.1800256139803305e+06
 -4.1890568761415586e-03   2.1800037020648280e+06   2.1800257580023538e+06
 -4.1832158400702873e-03   2.1800037227647579e+06   2.1800259020243771e+06
 -4.1773748039990151e-03   2.1800037434646878e+06   2.1800260460464004e+06
 -4.1715337679277429e-03   2.1800037641646178e+06   2.1800261900684237e+06
 -4.1656927318564716e-03   2.1800037848645477e+06   2.1800263340904471e+06
 -4.1598516957852003e-03   2.1800038055644776e+06   2.1800264781124704e+06
 -4.1540106597139281e-03   2.1800038262644075e+06   2.1800266221344932e+06
 -4.1481696236426568e-03   2.1800038469643374e+06   2.1800267661565165e+06
 -4.1423285875713855e-03   2.1800038676642673e+06   2.1800269101785403e+06
 -4.1364875515001133e-03   2.1800038883641972e+06   2.1800270542005631e+06
 -4.1306465154288411e-03   2.1800039090641271e+06   2.1800271982225864e+06
 -4.1248054793575706e-03   2.1800039297640570e+06   2.1800273422446097e+06
 -4.1189644432862984e-03   2.1800039504639870e+06   2.1800274862666330e+06
 -4.1131234072150262e-03   2.1800039711639169e+06   2.1800276302886563e+06
 -4.1072823711437549e-03   2.1800039918638468e+06   2.1800277743106796e+06
 -4.1014413350724836e-03   2.1800040125637767e+06   2.1800279183327029e+06
 -4.0956002990012114e-03   2.1800040332637066e+06   2.1800280623547258e+06
 -4.0897592629299401e-03   2.1800040539636370e+06   2.1800282063767491e+06
 -4.0839182268586688e-03   2.1800040746635669e+06   2.1800283503987729e+06
 -4.0780771907873966e-03   2.1800040953634968e+06   2.1800284944207962e+06
 -4.0722361547161244e-03   2.1800041160634267e+06   2.1800286384428190e+06
 -4.0663951186448530e-03   2.1800041367633566e+06   2.1800287824648423e+06
 -4.0605540825735817e-03   2.1800041574632865e+06   2.1800289264868656e+06
 -4.0547130465023095e-03   2.1800041781632164e+06   2.1800290705088889e+06
 -4.0488720104310382e-03   2.1800041988631464e+06   2.1800292145309122e+06
 -4.0430309743597669e-03   2.1800042195630763e+06   2.1800293585529355e+06
 -4.0371899382884947e-03   2.1800042402630062e+06   2.1800295025749584e+06
 -4.0313489022172225e-03   2.1800042609629361e+06   2.1800296465969817e+06
 -4.0255078661459512e-03   2.1800042816628660e+06   2.1800297906190054e+06
 -4.0196668300746799e-03   2.1800043023627959e+06   2.1800299346410288e+06
 -4.0138257940034077e-03   2.1800043230627258e+06   2.1800300786630516e+06
 -4.0079847579321363e-03   2.1800043437626557e+06   2.1800302226850749e+06
 -4.0021437218608650e-03   2.1800043644625857e+06   2.1800303667070982e+06
 -3.9963026857895928e-03   2.1800043851625156e+06   2.1800305107291215e+06
 -3.9904616497183215e-03   2.1800044058624455e+06   2.1800306547511448e+06
 -3.9846206136470502e-03   2.1800044265623754e+06   2.1800307987731681e+06
 -3.9787795775757780e-03   2.1800044472623053e+06   2.1800309427951914e+06
 -3.9729385415045058e-03   2.1800044679622352e+06   2.1800310868172143e+06
 -3.9670975054332345e-03   2.1800044886621656e+06   2.1800312308392380e+06
 -3.9612564693619632e-03   2.1800045093620955e+06   2.1800313748612613e+06
 -3.9554154332906910e-03   2.1800045300620254e+06   2.1800315188832842e+06
 -3.9495743972194196e-03   2.1800045507619553e+06   2.1800316629053075e+06
 -3.9437333611481483e-03   2.1800045714618852e+06   2.1800318069273308e+06
 -3.9378923250768761e-03   2.1800045921618151e+06   2.1800319509493546e+06
 -3.9320512890056039e-03   2.1800046128617451e+06   2.1800320949713774e+06
 -3.9262102529343326e-03   2.1800046335616750e+06   2.1800322389934007e+06
 -3.9203692168630613e-03   2.1800046542616049e+06   2.1800323830154240e+06
 -3.9145281807917891e-03   2.1800046749615348e+06   2.1800325270374469e+06
 -3.9086871447205178e-03   2.1800046956614647e+06   2.1800326710594706e+06
 -3.9028461086492465e-03   2.1800047163613946e+06   2.1800328150814939e+06
 -3.8970050725779743e-03   2.1800047370613245e+06   2.1800329591035168e+06
 -3.8911640365067030e-03   2.1800047577612544e+06   2.1800331031255401e+06
 -3.8853230004354316e-03   2.1800047784611844e+06   2.1800332471475638e+06
 -3.8794819643641594e-03   2.1800047991611143e+06   2.1800333911695872e+06
 -3.8736409282928872e-03   2.1800048198610442e+06   2.1800335351916100e+06
 -3.8677998922216159e-03   2.1800048405609741e+06   2.1800336792136333e+06
 -3.8619588561503446e-03   2.1800048612609040e+06   2.1800338232356566e+06
 -3.8561178200790724e-03   2.1800048819608339e+06   2.1800339672576799e+06
 -3.8502767840078011e-03   2.1800049026607643e+06   2.1800341112797032e+06
 -3.8444357479365298e-03   2.1800049233606942e+06   2.1800342553017265e+06
 -3.8385947118652576e-03   2.1800049440606241e+06   2.1800343993237498e+06
 -3.8327536757939854e-03   2.1800049647605540e+06   2.1800345433457727e+06
 -3.8269126397227141e-03   2.1800049854604839e+06   2.1800346873677964e+06
 -3.8210716036514427e-03   2.1800050061604143e+06   2.1800348313898197e+06
 -3.8152305675801705e-03   2.1800050268603442e+06   2.1800349754118426e+06
 -3.8093895315088992e-03   2.1800050475602741e+06   2.1800351194338659e+06
 -3.8035484954376279e-03   2.1800050682602040e+06   2.1800352634558892e+06
 -3.7977074593663557e-03   2.1800050889601340e+06   2.1800354074779125e+06
 -3.7918664232950844e-03   2.1800051096600639e+06   2.1800355514999358e+06
 -3.7860253872238131e-03   2.1800051303599938e+06   2.1800356955219591e+06
 -3.7801843511525409e-03   2.1800051510599237e+06   2.1800358395439824e+06
 -3.7743433150812687e-03   2.1800051771617504e+06   2.1800360211471156e+06
 -3.7685022790099974e-03   2.1800052112593278e+06   2.1800362583768475e+06
 -3.7626612429387260e-03   2.1800052453569048e+06   2.1800364956065798e+06
 -3.7568202068674538e-03   2.1800052794544818e+06   2.1800367328363126e+06
 -3.7509791707961825e-03   2.1800053135520583e+06   2.1800369700660449e+06
 -3.7451381347249112e-03   2.1800053476496357e+06   2.1800372072957773e+06
 -3.7392970986536390e-03   2.1800053817472127e+06   2.1800374445255096e+06
 -3.7334560625823668e-03   2.1800054158447897e+06   2.1800376817552424e+06
 -3.7276150265110955e-03   2.1800054499423672e+06   2.1800379189849743e+06
 -3.7217739904398242e-03   2.1800054840399437e+06   2.1800381562147066e+06
 -3.7159329543685520e-03   2.1800055181375206e+06   2.1800383934444394e+06
 -3.7100919182972807e-03   2.1800055522350976e+06   2.1800386306741713e+06
 -3.7042508822260089e-03   2.1800055863326751e+06   2.1800388679039041e+06
 -3.6984098461547371e-03   2.1800056204302520e+06   2.1800391051336364e+06
 -3.6925688100834658e-03   2.1800056545278290e+06   2.1800393423633687e+06
 -3.6867277740121941e-03   2.1800056886254060e+06   2.1800395795931011e+06
 -3.6808867379409223e-03   2.1800057227229830e+06   2.1800398168228338e+06
 -3.6750457018696506e-03   2.1800057568205600e+06   2.1800400540525662e+06
 -3.6692046657983788e-03   2.1800057909181374e+06   2.1800402912822980e+06
 -3.6633636297271070e-03   2.1800058250157144e+06   2.1800405285120308e+06
 -3.6575225936558357e-03   2.1800058591132909e+06   2.1800407657417632e+06
 -3.6516815575845640e-03   2.1800058932108679e+06   2.1800410029714955e+06
 -3.6458405215132922e-03   2.1800059273084453e+06   2.1800412402012278e+06
 -3.6399994854420204e-03   2.1800059614060223e+06   2.1800414774309606e+06
 -3.6341584493707487e-03   2.1800059955035993e+06   2.1800417146606925e+06
 -3.6283174132994769e-03   2.1800060296011767e+06   2.1800419518904248e+06
 -3.6224763772282056e-03   2.1800060636987532e+06   2.1800421891201576e+06
 -3.6166353411569339e-03   2.1800060977963302e+06   2.1800424263498895e+06
 -3.6107943050856621e-03   2.1800061318939077e+06   2.1800426635796223e+06
 -3.6049532690143903e-03   2.1800061659914847e+06   2.1800429008093546e+06
 -3.5991122329431186e-03   2.1800062000890616e+06   2.1800431380390874e+06
 -3.5932711968718473e-03   2.1800062341866386e+06   2.1800433752688193e+06
 -3.5874301608005755e-03   2.1800062682842156e+06   2.1800436124985516e+06
 -3.5815891247293037e-03   2.1800063023817926e+06   2.1800438497282844e+06
 -3.5757480886580320e-03   2.1800063364793696e+06   2.1800440869580163e+06
 -3.5699070525867602e-03   2.1800063705769470e+06   2.1800443241877491e+06
 -3.5640660165154885e-03   2.1800064046745240e+06   2.1800445614174814e+06
 -3.5582249804442172e-03   2.1800064387721005e+06   2.1800447986472137e+06
 -3.5523839443729454e-03   2.1800064728696779e+06   2.1800450358769461e+06
 -3.5465429083016736e-03   2.1800065069672549e+06   2.1800452731066784e+06
 -3.5407018722304019e-03   2.1800065410648319e+06   2.1800455103364112e+06
 -3.5348608361591301e-03   2.1800065751624089e+06   2.1800457475661431e+06
 -3.5290198000878584e-03   2.1800066092599863e+06   2.1800459847958758e+06
 -3.5231787640165870e-03   2.1800066433575628e+06   2.1800462220256082e+06
 -3.5173377279453153e-03   2.1800066774551398e+06   2.1800464592553405e+06
 -3.5114966918740435e-03   2.1800067115527173e+06   2.1800466964850728e+06
 -3.5056556558027718e-03   2.1800067456502942e+06   2.1800469337148056e+06
 -3.4998146197315000e-03   2.1800067797478712e+06   2.1800471709445375e+06
 -3.4939735836602283e-03   2.1800068138454482e+06   2.1800474081742698e+06
 -3.4881325475889569e-03   2.1800068479430252e+06   2.1800476454040026e+06
 -3.4822915115176852e-03   2.1800068820406022e+06   2.1800478826337345e+06
 -3.4764504754464134e-03   2.1800069161381791e+06   2.1800481198634673e+06
 -3.4706094393751417e-03   2.1800069502357566e+06   2.1800483570931996e+06
 -3.4647684033038699e-03   2.1800069843333336e+06   2.1800485943229324e+06
 -3.4589273672325986e-03   2.1800070184309101e+06   2.1800488315526643e+06
 -3.4530863311613268e-03   2.1800070525284875e+06   2.1800490687823966e+06
 -3.4472452950900551e-03   2.1800070866260645e+06   2.1800493060121294e+06
 -3.4414042590187833e-03   2.1800071207236415e+06   2.1800495432418613e+06
 -3.4355632229475116e-03   2.1800071548212189e+06   2.1800497804715941e+06
 -3.4297221868762398e-03   2.1800071889187959e+06   2.1800500177013264e+06
 -3.4238811508049685e-03   2.1800072230163724e+06   2.1800502549310587e+06
 -3.4180401147336967e-03   2.1800072571139494e+06   2.1800504921607911e+06
 -3.4121990786624250e-03   2.1800072912115268e+06   2.1800507293905234e+06
 -3.4063580425911532e-03   2.1800073253091038e+06   2.1800509666202562e+06
 -3.4005170065198815e-03   2.1800073594066808e+06   2.1800512038499881e+06
 -3.3946759704486097e-03   2.1800073935042578e+06   2.1800514410797209e+06
 -3.3888349343773384e-03   2.1800074276018348e+06   2.1800516783094532e+06
 -3.3829938983060666e-03   2.1800074616994117e+06   2.1800519155391855e+06
 -3.3771528622347949e-03   2.1800074957969892e+06   2.1800521527689178e+06
 -3.3713118261635231e-03   2.1800075298945662e+06   2.1800523899986502e+06
 -3.3654707900922514e-03   2.1800075639921431e+06   2.1800526272283825e+06
 -3.3596297540209800e-03   2.1800076018271716e+06   2.1800528904596441e+06
 -3.3537887179497083e-03   2.1800076491706138e+06   2.1800532198411287e+06
 -3.3479476818784365e-03   2.1800076965140556e+06   2.1800535492226128e+06
 -3.3421066458071648e-03   2.1800077438574973e+06   2.1800538786040973e+06
 -3.3362656097358930e-03   2.1800077912009391e+06   2.1800542079855814e+06
 -3.3304245736646212e-03   2.1800078385443813e+06   2.1800545373670659e+06
 -3.3245835375933499e-03   2.1800078858878231e+06   2.1800548667485504e+06
 -3.3187425015220782e-03   2.1800079332312648e+06   2.1800551961300350e+06
 -3.3129014654508064e-03   2.1800079805747066e+06   2.1800555255115195e+06
 -3.3070604293795347e-03   2.1800080279181488e+06   2.1800558548930036e+06
 -3.3012193933082629e-03   2.1800080752615905e+06   2.1800561842744881e+06
 -3.2953783572369911e-03   2.1800081226050323e+06   2.1800565136559722e+06
 -3.2895373211657198e-03   2.1800081699484740e+06   2.1800568430374567e+06
 -3.2836962850944481e-03   2.1800082172919163e+06   2.1800571724189413e+06
 -3.2778552490231763e-03   2.1800082646353580e+06   2.1800575018004254e+06
 -3.2720142129519045e-03   2.1800083119787998e+06   2.1800578311819104e+06
 -3.2661731768806328e-03   2.1800083593222415e+06   2.1800581605633944e+06
 -3.2603321408093615e-03   2.1800084066656837e+06   2.1800584899448790e+06
 -3.2544911047380897e-03   2.1800084540091255e+06   2.1800588193263630e+06
 -3.2486500686668180e-03   2.1800085013525672e+06   2.1800591487078476e+06
 -3.2428090325955462e-03   2.1800085486960090e+06   2.1800594780893321e+06
 -3.2369679965242744e-03   2.1800085960394512e+06   2.1800598074708162e+06
 -3.2311269604530027e-03   2.1800086433828929e+06   2.1800601368523007e+06
 -3.2252859243817314e-03   2.1800086907263347e+06   2.1800604662337848e+06
 -3.2194448883104596e-03   2.1800087380697764e+06   2.1800607956152698e+06
 -3.2136038522391878e-03   2.1800087854132187e+06   2.1800611249967543e+06
 -3.2077628161679161e-03   2.1800088327566604e+06   2.1800614543782384e+06
 -3.2019217800966443e-03   2.1800088801001022e+06   2.1800617837597230e+06
 -3.1960807440253726e-03   2.1800089274435439e+06   2.1800621131412070e+06
 -3.1902397079541013e-03   2.1800089747869861e+06   2.1800624425226916e+06
 -3.1843986718828295e-03   2.1800090221304279e+06   2.1800627719041761e+06
 -3.1785576358115577e-03   2.1800090694738696e+06   2.1800631012856602e+06
 -3.1727165997402860e-03   2.1800091168173114e+06   2.1800634306671447e+06
 -3.1668755636690142e-03   2.1800091641607536e+06   2.1800637600486293e+06
 -3.1610345275977429e-03   2.1800092115041954e+06   2.1800640894301138e+06
 -3.1551934915264711e-03   2.1800092588476371e+06   2.1800644188115979e+06
 -3.1493524554551994e-03   2.1800093061910789e+06   2.1800647481930824e+06
 -3.1435114193839276e-03   2.1800093535345211e+06   2.1800650775745669e+06
 -3.1376703833126559e-03   2.1800094008779628e+06   2.1800654069560510e+06
 -3.1318293472413841e-03   2.1800094482214046e+06   2.1800657363375355e+06
 -3.1259883111701128e-03   2.1800094955648463e+06   2.1800660657190196e+06
 -3.1201472750988410e-03   2.1800095429082885e+06   2.1800663951005042e+06
 -3.1143062390275693e-03   2.1800095902517303e+06   2.1800667244819892e+06
 -3.1084652029562975e-03   2.1800096375951720e+06   2.1800670538634732e+06
 -3.1026241668850258e-03   2.1800096849386138e+06   2.1800673832449578e+06
 -3.0967831308137540e-03   2.1800097322820560e+06   2.1800677126264418e+06
 -3.0909420947424827e-03   2.1800097796254978e+06   2.1800680420079264e+06
 -3.0851010586712109e-03   2.1800098269689395e+06   2.1800683713894109e+06
 -3.0792600225999392e-03   2.1800098743123813e+06   2.1800687007708950e+06
 -3.0734189865286674e-03   2.1800099216558235e+06   2.1800690301523795e+06
 -3.0675779504573957e-03   2.1800099689992652e+06   2.1800693595338636e+06
 -3.0617369143861239e-03   2.1800100171272685e+06   2.1800696943731336e+06
 -3.0558958783148526e-03   2.1800100776653150e+06   2.1800701155426321e+06
 -3.0500548422435808e-03   2.1800101382033611e+06   2.1800705367121305e+06
 -3.0442138061723091e-03   2.1800101987414071e+06   2.1800709578816290e+06
 -3.0383727701010373e-03   2.1800102592794532e+06   2.1800713790511275e+06
 -3.0325317340297656e-03   2.1800103198174997e+06   2.1800718002206259e+06
 -3.0266906979584942e-03   2.1800103803555453e+06   2.1800722213901249e+06
 -3.0208496618872225e-03   2.1800104408935918e+06   2.1800726425596229e+06
 -3.0150086258159507e-03   2.1800105014316379e+06   2.1800730637291213e+06
 -3.0091675897446790e-03   2.1800105619696844e+06   2.1800734848986203e+06
 -3.0033265536734072e-03   2.1800106225077300e+06   2.1800739060681183e+06
 -2.9974855176021355e-03   2.1800106830457766e+06   2.1800743272376168e+06
 -2.9916444815308641e-03   2.1800107435838231e+06   2.1800747484071157e+06
 -2.9858034454595924e-03   2.1800108041218687e+06   2.1800751695766137e+06
 -2.9799624093883206e-03   2.1800108646599152e+06   2.1800755907461122e+06
 -2.9741213733170489e-03   2.1800109251979613e+06   2.1800760119156111e+06
 -2.9682803372457771e-03   2.1800109857360078e+06   2.1800764330851091e+06
 -2.9624393011745053e-03   2.1800110462740534e+06   2.1800768542546076e+06
 -2.9565982651032340e-03   2.1800111068120999e+06   2.1800772754241065e+06
 -2.9507572290319623e-03   2.1800111673501460e+06   2.1800776965936045e+06
 -2.9449161929606905e-03   2.1800112278881925e+06   2.1800781177631030e+06
 -2.9390751568894188e-03   2.1800112884262386e+06   2.1800785389326015e+06
 -2.9332341208181470e-03   2.1800113489642846e+06   2.1800789601021004e+06
 -2.9273930847468757e-03   2.1800114095023312e+06   2.1800793812715984e+06
 -2.9215520486756039e-03   2.1800114700403768e+06   2.1800798024410969e+06
 -2.9157110126043322e-03   2.1800115305784233e+06   2.1800802236105958e+06
 -2.9098699765330604e-03   2.1800115911164694e+06   2.1800806447800938e+06
 -2.9040289404617886e-03   2.1800116516545159e+06   2.1800810659495923e+06
 -2.8981879043905169e-03   2.1800117121925615e+06   2.1800814871190912e+06
 -2.8923468683192451e-03   2.1800117727306080e+06   2.1800819082885892e+06
 -2.8865058322479738e-03   2.1800118332686541e+06   2.1800823294580877e+06
 -2.8806647961767016e-03   2.1800118938067001e+06   2.1800827506275866e+06
 -2.8748237601054303e-03   2.1800119543447467e+06   2.1800831717970846e+06
 -2.8689827240341590e-03   2.1800120148827927e+06   2.1800835929665831e+06
 -2.8631416879628868e-03   2.1800120754208392e+06   2.1800840141360820e+06
 -2.8573006518916155e-03   2.1800121359588848e+06   2.1800844353055800e+06
 -2.8514596158203433e-03   2.1800121964969314e+06   2.1800848564750785e+06
 -2.8456185797490719e-03   2.1800122570349774e+06   2.1800852776445774e+06
 -2.8397775436778006e-03   2.1800123175730240e+06   2.1800856988140759e+06
 -2.8339365076065284e-03   2.1800123781110696e+06   2.1800861199835739e+06
 -2.8280954715352571e-03   2.1800124386619045e+06   2.1800865412420304e+06
 -2.8222544354639849e-03   2.1800125123709259e+06   2.1800870540307532e+06
 -2.8164133993927136e-03   2.1800125860799477e+06   2.1800875668194755e+06
 -2.8105723633214423e-03   2.1800126597889699e+06   2.1800880796081983e+06
 -2.8047313272501701e-03   2.1800127334979917e+06   2.1800885923969210e+06
 -2.7988902911788988e-03   2.1800128072070135e+06   2.1800891051856438e+06
 -2.7930492551076266e-03   2.1800128809160348e+06   2.1800896179743665e+06
 -2.7872082190363552e-03   2.1800129546250566e+06   2.1800901307630888e+06
 -2.7813671829650831e-03   2.1800130283340788e+06   2.1800906435518116e+06
 -2.7755261468938117e-03   2.1800131020431006e+06   2.1800911563405339e+06
 -2.7696851108225404e-03   2.1800131757521224e+06   2.1800916691292571e+06
 -2.7638440747512682e-03   2.1800132494611437e+06   2.1800921819179794e+06
 -2.7580030386799969e-03   2.1800133231701655e+06   2.1800926947067021e+06
 -2.7521620026087247e-03   2.1800133968791878e+06   2.1800932074954244e+06
 -2.7463209665374534e-03   2.1800134705882096e+06   2.1800937202841472e+06
 -2.7404799304661821e-03   2.1800135442972314e+06   2.1800942330728704e+06
 -2.7346388943949099e-03   2.1800136180062527e+06   2.1800947458615927e+06
 -2.7287978583236385e-03   2.1800136917152745e+06   2.1800952586503155e+06
 -2.7229568222523664e-03   2.1800137654242963e+06   2.1800957714390378e+06
 -2.7171157861810950e-03   2.1800138391333185e+06   2.1800962842277605e+06
 -2.7112747501098237e-03   2.1800139128423403e+06   2.1800967970164828e+06
 -2.7054337140385515e-03   2.1800139865513616e+06   2.1800973098052060e+06
 -2.6995926779672802e-03   2.1800140602603834e+06   2.1800978225939283e+06
 -2.6937516418960080e-03   2.1800141339694052e+06   2.1800983353826511e+06
 -2.6879106058247367e-03   2.1800142076784275e+06   2.1800988481713734e+06
 -2.6820695697534645e-03   2.1800142813874492e+06   2.1800993609600961e+06
 -2.6762285336821932e-03   2.1800143550964706e+06   2.1800998737488189e+06
 -2.6703874976109218e-03   2.1800144288054924e+06   2.1801003865375416e+06
 -2.6645464615396497e-03   2.1800145025145141e+06   2.1801008993262644e+06
 -2.6587054254683783e-03   2.1800145762235359e+06   2.1801014121149867e+06
 -2.6528643893971061e-03   2.1800146499325582e+06   2.1801019249037094e+06
 -2.6470233533258348e-03   2.1800147236415795e+06   2.1801024376924322e+06
 -2.6411823172545635e-03   2.1800147973506013e+06   2.1801029504811550e+06
 -2.6353412811832913e-03   2.1800148723811265e+06   2.1801034724622592e+06
 -2.6295002451120200e-03   2.1800149592483211e+06   2.1801040767792831e+06
 -2.6236592090407478e-03   2.1800150461155162e+06   2.1801046810963065e+06
 -2.6178181729694765e-03   2.1800151329827108e+06   2.1801052854133304e+06
 -2.6119771368982051e-03   2.1800152198499059e+06   2.1801058897303543e+06
 -2.6061361008269330e-03   2.1800153067171006e+06   2.1801064940473777e+06
 -2.6002950647556616e-03   2.1800153935842952e+06   2.1801070983644016e+06
 -2.5944540286843894e-03   2.1800154804514903e+06   2.1801077026814260e+06
 -2.5886129926131181e-03   2.1800155673186849e+06   2.1801083069984494e+06
 -2.5827719565418459e-03   2.1800156541858795e+06   2.1801089113154733e+06
 -2.5769309204705746e-03   2.1800157410530746e+06   2.1801095156324971e+06
 -2.5710898843993033e-03   2.1800158279202692e+06   2.1801101199495206e+06
 -2.5652488483280311e-03   2.1800159147874638e+06   2.1801107242665445e+06
 -2.5594078122567598e-03   2.1800160016546589e+06   2.1801113285835679e+06
 -2.5535667761854876e-03   2.1800160885218536e+06   2.1801119329005918e+06
 -2.5477257401142163e-03   2.1800161753890486e+06   2.1801125372176156e+06
 -2.5418847040429449e-03   2.1800162622562433e+06   2.1801131415346391e+06
 -2.5360436679716727e-03   2.1800163491234379e+06   2.1801137458516629e+06
 -2.5302026319004014e-03   2.1800164359906330e+06   2.1801143501686868e+06
 -2.5243615958291292e-03   2.1800165228578276e+06   2.1801149544857102e+06
 -2.5185205597578579e-03   2.1800166097250222e+06   2.1801155588027341e+06
 -2.5126795236865866e-03   2.1800166965922173e+06   2.1801161631197585e+06
 -2.5068384876153144e-03   2.1800167834594119e+06   2.1801167674367819e+06
 -2.5009974515440431e-03   2.1800168703266066e+06   2.1801173717538058e+06
 -2.4951564154727709e-03   2.1800169571938021e+06   2.1801179760708292e+06
 -2.4893153794014996e-03   2.1800170440609967e+06   2.1801185803878531e+06
 -2.4834743433302274e-03   2.1800171309281914e+06   2.1801191847048770e+06
 -2.4776333072589560e-03   2.1800172177953864e+06   2.1801197890219004e+06
 -2.4717922711876847e-03   2.1800173070749668e+06   2.1801204101186427e+06
 -2.4659512351164125e-03   2.1800174070926174e+06   2.1801211059056828e+06
 -2.4601101990451412e-03   2.1800175071102688e+06   2.1801218016927228e+06
 -2.4542691629738690e-03   2.1800176071279193e+06   2.1801224974797633e+06
 -2.4484281269025977e-03   2.1800177071455708e+06   2.1801231932668034e+06
 -2.4425870908313264e-03   2.1800178071632218e+06   2.1801238890538444e+06
 -2.4367460547600542e-03   2.1800179071808727e+06   2.1801245848408844e+06
 -2.4309050186887829e-03   2.1800180071985237e+06   2.1801252806279245e+06
 -2.4250639826175107e-03   2.1800181072161747e+06   2.1801259764149650e+06
 -2.4192229465462393e-03   2.1800182072338257e+06   2.1801266722020051e+06
 -2.4133819104749680e-03   2.1800183072514771e+06   2.1801273679890451e+06
 -2.4075408744036958e-03   2.1800184072691277e+06   2.1801280637760856e+06
 -2.4016998383324245e-03   2.1800185072867787e+06   2.1801287595631257e+06
 -2.3958588022611523e-03   2.1800186073044296e+06   2.1801294553501657e+06
 -2.3900177661898810e-03   2.1800187073220806e+06   2.1801301511372062e+06
 -2.3841767301186088e-03   2.1800188073397316e+06   2.1801308469242468e+06
 -2.3783356940473375e-03   2.1800189073573826e+06   2.1801315427112868e+06
 -2.3724946579760662e-03   2.1800190073750340e+06   2.1801322384983273e+06
 -2.3666536219047940e-03   2.1800191073926846e+06   2.1801329342853674e+06
 -2.3608125858335226e-03   2.1800192074103360e+06   2.1801336300724074e+06
 -2.3549715497622505e-03   2.1800193074279865e+06   2.1801343258594479e+06
 -2.3491305136909791e-03   2.1800194074456380e+06   2.1801350216464880e+06
 -2.3432894776197078e-03   2.1800195074632890e+06   2.1801357174335280e+06
 -2.3374484415484356e-03   2.1800196074809399e+06   2.1801364132205686e+06
 -2.3316074054771643e-03   2.1800197074985909e+06   2.1801371090076086e+06
 -2.3257663694058921e-03   2.1800198198332773e+06   2.1801378904614435e+06
 -2.3199253333346208e-03   2.1800199329963489e+06   2.1801386776768244e+06
 -2.3140842972633495e-03   2.1800200461594206e+06   2.1801394648922049e+06
 -2.3082432611920773e-03   2.1800201593224928e+06   2.1801402521075853e+06
 -2.3024022251208059e-03   2.1800202724855640e+06   2.1801410393229658e+06
 -2.2965611890495338e-03   2.1800203856486357e+06   2.1801418265383462e+06
 -2.2907201529782624e-03   2.1800204988117078e+06   2.1801426137537272e+06
 -2.2848791169069902e-03   2.1800206119747795e+06   2.1801434009691072e+06
 -2.2790380808357189e-03   2.1800207251378517e+06   2.1801441881844881e+06
 -2.2731970447644476e-03   2.1800208383009234e+06   2.1801449753998686e+06
 -2.2673560086931754e-03   2.1800209514639950e+06   2.1801457626152495e+06
 -2.2615149726219041e-03   2.1800210646270672e+06   2.1801465498306295e+06
 -2.2556739365506319e-03   2.1800211777901389e+06   2.1801473370460100e+06
 -2.2498329004793606e-03   2.1800212909532106e+06   2.1801481242613909e+06
 -2.2439918644080892e-03   2.1800214041162827e+06   2.1801489114767713e+06
 -2.2381508283368171e-03   2.1800215172793544e+06   2.1801496986921518e+06
 -2.2323097922655457e-03   2.1800216304424265e+06   2.1801504859075323e+06
 -2.2264687561942735e-03   2.1800217436054982e+06   2.1801512731229132e+06
 -2.2206277201230022e-03   2.1800218567685699e+06   2.1801520603382937e+06
 -2.2147866840517300e-03   2.1800219699316421e+06   2.1801528475536737e+06
 -2.2089456479804587e-03   2.1800220830947137e+06   2.1801536347690546e+06
 -2.2031046119091874e-03   2.1800222029213072e+06   2.1801544683287381e+06
 -2.1972635758379152e-03   2.1800223292263458e+06   2.1801553469455303e+06
 -2.1914225397666439e-03   2.1800224555313843e+06   2.1801562255623224e+06
 -2.1855815036953717e-03   2.1800225818364229e+06   2.1801571041791146e+06
 -2.1797404676241004e-03   2.1800227081414615e+06   2.1801579827959067e+06
 -2.1738994315528290e-03   2.1800228344465001e+06   2.1801588614126989e+06
 -2.1680583954815568e-03   2.1800229607515382e+06   2.1801597400294910e+06
 -2.1622173594102855e-03   2.1800230870565772e+06   2.1801606186462832e+06
 -2.1563763233390133e-03   2.1800232133616153e+06   2.1801614972630753e+06
 -2.1505352872677420e-03   2.1800233396666544e+06   2.1801623758798670e+06
 -2.1446942511964707e-03   2.1800234659716925e+06   2.1801632544966596e+06
 -2.1388532151251985e-03   2.1800235922767310e+06   2.1801641331134513e+06
 -2.1330121790539272e-03   2.1800237185817701e+06   2.1801650117302439e+06
 -2.1271711429826550e-03   2.1800238448868082e+06   2.1801658903470356e+06
 -2.1213301069113837e-03   2.1800239711918468e+06   2.1801667689638282e+06
 -2.1154890708401115e-03   2.1800240974968853e+06   2.1801676475806199e+06
 -2.1096480347688401e-03   2.1800242238019239e+06   2.1801685261974125e+06
 -2.1038069986975688e-03   2.1800243501069625e+06   2.1801694048142042e+06
 -2.0979659626262966e-03   2.1800244764120011e+06   2.1801702834309968e+06
 -2.0921249265550253e-03   2.1800246067487951e+06   2.1801711900862134e+06
 -2.0862838904837531e-03   2.1800247461933196e+06   2.1801721600801852e+06
 -2.0804428544124818e-03   2.1800248856378431e+06   2.1801731300741564e+06
 -2.0746018183412105e-03   2.1800250250823670e+06   2.1801741000681282e+06
 -2.0687607822699383e-03   2.1800251645268914e+06   2.1801750700620995e+06
 -2.0629197461986670e-03   2.1800253039714149e+06   2.1801760400560708e+06
 -2.0570787101273948e-03   2.1800254434159393e+06   2.1801770100500421e+06
 -2.0512376740561234e-03   2.1800255828604633e+06   2.1801779800440138e+06
 -2.0453966379848521e-03   2.1800257223049868e+06   2.1801789500379851e+06
 -2.0395556019135799e-03   2.1800258617495112e+06   2.1801799200319569e+06
 -2.0337145658423086e-03   2.1800260011940352e+06   2.1801808900259282e+06
 -2.0278735297710364e-03   2.1800261406385587e+06   2.1801818600198999e+06
 -2.0220324936997651e-03   2.1800262800830831e+06   2.1801828300138717e+06
 -2.0161914576284929e-03   2.1800264195276070e+06   2.1801838000078429e+06
 -2.0103504215572216e-03   2.1800265589721310e+06   2.1801847700018147e+06
 -2.0045093854859503e-03   2.1800266984166550e+06   2.1801857399957860e+06
 -1.9986683494146781e-03   2.1800268378611789e+06   2.1801867099897577e+06
 -1.9928273133434067e-03   2.1800269773057029e+06   2.1801876799837290e+06
 -1.9869862772721346e-03   2.1800271287816949e+06   2.1801887336489656e+06
 -1.9811452412008632e-03   2.1800272813638761e+06   2.1801897950070500e+06
 -1.9753042051295919e-03   2.1800274339460572e+06   2.1801908563651349e+06
 -1.9694631690583197e-03   2.1800275865282388e+06   2.1801919177232194e+06
 -1.9636221329870484e-03   2.1800277391104200e+06   2.1801929790813038e+06
 -1.9577810969157762e-03   2.1800278916926011e+06   2.1801940404393892e+06
 -1.9519400608445049e-03   2.1800280442747823e+06   2.1801951017974736e+06
 -1.9460990247732336e-03   2.1800281968569639e+06   2.1801961631555581e+06
 -1.9402579887019614e-03   2.1800283494391446e+06   2.1801972245136425e+06
 -1.9344169526306900e-03   2.1800285020213262e+06   2.1801982858717279e+06
 -1.9285759165594179e-03   2.1800286546035078e+06   2.1801993472298123e+06
 -1.9227348804881465e-03   2.1800288071856890e+06   2.1802004085878967e+06
 -1.9168938444168743e-03   2.1800289597678701e+06   2.1802014699459812e+06
 -1.9110528083456030e-03   2.1800291123500513e+06   2.1802025313040661e+06
 -1.9052117722743317e-03   2.1800292649322329e+06   2.1802035926621510e+06
 -1.8993707362030595e-03   2.1800294178052368e+06   2.1802046560426746e+06
 -1.8935297001317882e-03   2.1800295835236721e+06   2.1802058087528176e+06
 -1.8876886640605160e-03   2.1800297492421074e+06   2.1802069614629606e+06
 -1.8818476279892447e-03   2.1800299149605422e+06   2.1802081141731036e+06
 -1.8760065919179733e-03   2.1800300806789775e+06   2.1802092668832466e+06
 -1.8701655558467012e-03   2.1800302463974124e+06   2.1802104195933896e+06
 -1.8643245197754298e-03   2.1800304121158472e+06   2.1802115723035322e+06
 -1.8584834837041576e-03   2.1800305778342825e+06   2.1802127250136752e+06
 -1.8526424476328863e-03   2.1800307435527178e+06   2.1802138777238182e+06
 -1.8468014115616150e-03   2.1800309092711532e+06   2.1802150304339612e+06
 -1.8409603754903428e-03   2.1800310749895880e+06   2.1802161831441042e+06
 -1.8351193394190715e-03   2.1800312407080233e+06   2.1802173358542477e+06
 -1.8292783033477993e-03   2.1800314064264586e+06   2.1802184885643902e+06
 -1.8234372672765280e-03   2.1800315721448935e+06   2.1802196412745332e+06
 -1.8175962312052558e-03   2.1800317378633288e+06   2.1802207939846762e+06
 -1.8117551951339845e-03   2.1800319086824437e+06   2.1802219821622949e+06
 -1.8059141590627131e-03   2.1800320875360752e+06   2.1802232262077541e+06
 -1.8000731229914409e-03   2.1800322663897066e+06   2.1802244702532138e+06
 -1.7942320869201696e-03   2.1800324452433381e+06   2.1802257142986734e+06
 -1.7883910508488974e-03   2.1800326240969696e+06   2.1802269583441326e+06
 -1.7825500147776261e-03   2.1800328029506011e+06   2.1802282023895923e+06
 -1.7767089787063548e-03   2.1800329818042326e+06   2.1802294464350515e+06
 -1.7708679426350826e-03   2.1800331606578641e+06   2.1802306904805112e+06
 -1.7650269065638113e-03   2.1800333395114955e+06   2.1802319345259708e+06
 -1.7591858704925391e-03   2.1800335183651270e+06   2.1802331785714300e+06
 -1.7533448344212678e-03   2.1800336972187585e+06   2.1802344226168897e+06
 -1.7475037983499964e-03   2.1800338760723900e+06   2.1802356666623494e+06
 -1.7416627622787242e-03   2.1800340549260215e+06   2.1802369107078086e+06
 -1.7358217262074529e-03   2.1800342337796530e+06   2.1802381547532682e+06
 -1.7299806901361807e-03   2.1800344235243541e+06   2.1802394745262633e+06
 -1.7241396540649094e-03   2.1800346155123273e+06   2.1802408098971280e+06
 -1.7182986179936372e-03   2.1800348075003009e+06   2.1802421452679932e+06
 -1.7124575819223659e-03   2.1800349994882741e+06   2.1802434806388589e+06
 -1.7066165458510946e-03   2.1800351914762482e+06   2.1802448160097236e+06
 -1.7007755097798224e-03   2.1800353834642214e+06   2.1802461513805888e+06
 -1.6949344737085511e-03   2.1800355754521945e+06   2.1802474867514540e+06
 -1.6890934376372789e-03   2.1800357674401682e+06   2.1802488221223191e+06
 -1.6832524015660075e-03   2.1800359594281418e+06   2.1802501574931843e+06
 -1.6774113654947362e-03   2.1800361514161155e+06   2.1802514928640490e+06
 -1.6715703294234640e-03   2.1800363434040886e+06   2.1802528282349147e+06
 -1.6657292933521927e-03   2.1800365353920623e+06   2.1802541636057799e+06
 -1.6598882572809205e-03   2.1800367299762988e+06   2.1802555170287644e+06
 -1.6540472212096492e-03   2.1800369350979249e+06   2.1802569437194620e+06
 -1.6482061851383779e-03   2.1800371402195510e+06   2.1802583704101592e+06
 -1.6423651490671057e-03   2.1800373453411781e+06   2.1802597971008569e+06
 -1.6365241129958344e-03   2.1800375504628043e+06   2.1802612237915541e+06
 -1.6306830769245622e-03   2.1800377555844304e+06   2.1802626504822518e+06
 -1.6248420408532908e-03   2.1800379607060575e+06   2.1802640771729490e+06
 -1.6190010047820187e-03   2.1800381658276836e+06   2.1802655038636471e+06
 -1.6131599687107473e-03   2.1800383709493103e+06   2.1802669305543443e+06
 -1.6073189326394760e-03   2.1800385760709369e+06   2.1802683572450415e+06
 -1.6014778965682038e-03   2.1800387811925630e+06   2.1802697839357392e+06
 -1.5956368604969325e-03   2.1800389863141896e+06   2.1802712106264364e+06
 -1.5897958244256603e-03   2.1800391963596046e+06   2.1802726715513151e+06
 -1.5839547883543890e-03   2.1800394146143049e+06   2.1802741895538261e+06
 -1.5781137522831177e-03   2.1800396328690052e+06   2.1802757075563371e+06
 -1.5722727162118455e-03   2.1800398511237055e+06   2.1802772255588481e+06
 -1.5664316801405741e-03   2.1800400693784058e+06   2.1802787435613587e+06
 -1.5605906440693020e-03   2.1800402876331070e+06   2.1802802615638701e+06
 -1.5547496079980306e-03   2.1800405058878073e+06   2.1802817795663807e+06
 -1.5489085719267593e-03   2.1800407241425076e+06   2.1802832975688917e+06
 -1.5430675358554871e-03   2.1800409423972080e+06   2.1802848155714027e+06
 -1.5372264997842158e-03   2.1800411606519083e+06   2.1802863335739137e+06
 -1.5313854637129436e-03   2.1800413789066090e+06   2.1802878515764242e+06
 -1.5255444276416723e-03   2.1800416006223559e+06   2.1802893936408348e+06
 -1.5197033915704001e-03   2.1800418320096820e+06   2.1802910029440317e+06
 -1.5138623554991288e-03   2.1800420633970080e+06   2.1802926122472291e+06
 -1.5080213194278574e-03   2.1800422947843340e+06   2.1802942215504255e+06
 -1.5021802833565853e-03   2.1800425261716596e+06   2.1802958308536224e+06
 -1.4963392472853139e-03   2.1800427575589861e+06   2.1802974401568193e+06
 -1.4904982112140417e-03   2.1800429889463116e+06   2.1802990494600167e+06
 -1.4846571751427704e-03   2.1800432203336381e+06   2.1803006587632135e+06
 -1.4788161390714991e-03   2.1800434517209637e+06   2.1803022680664100e+06
 -1.4729751030002269e-03   2.1800436831082902e+06   2.1803038773696069e+06
 -1.4671340669289556e-03   2.1800439144956158e+06   2.1803054866728042e+06
 -1.4612930308576834e-03   2.1800441561628166e+06   2.1803071674433947e+06
 -1.4554519947864121e-03   2.1800444006823818e+06   2.1803088680440900e+06
 -1.4496109587151407e-03   2.1800446452019461e+06   2.1803105686447858e+06
 -1.4437699226438686e-03   2.1800448897215109e+06   2.1803122692454811e+06
 -1.4379288865725972e-03   2.1800451342410753e+06   2.1803139698461764e+06
 -1.4320878505013250e-03   2.1800453787606400e+06   2.1803156704468722e+06
 -1.4262468144300537e-03   2.1800456232802044e+06   2.1803173710475676e+06
 -1.4204057783587815e-03   2.1800458677997692e+06   2.1803190716482634e+06
 -1.4145647422875102e-03   2.1800461123193335e+06   2.1803207722489587e+06
 -1.4087237062162389e-03   2.1800463568388983e+06   2.1803224728496545e+06
 -1.4028826701449667e-03   2.1800466127164369e+06   2.1803242524011200e+06
 -1.3970416340736954e-03   2.1800468703679061e+06   2.1803260442834045e+06
 -1.3912005980024232e-03   2.1800471280193743e+06   2.1803278361656880e+06
 -1.3853595619311519e-03   2.1800473856708431e+06   2.1803296280479725e+06
 -1.3795185258598805e-03   2.1800476433223113e+06   2.1803314199302569e+06
 -1.3736774897886083e-03   2.1800479009737805e+06   2.1803332118125409e+06
 -1.3678364537173370e-03   2.1800481586252488e+06   2.1803350036948249e+06
 -1.3619954176460648e-03   2.1800484162767176e+06   2.1803367955771089e+06
 -1.3561543815747935e-03   2.1800486739281863e+06   2.1803385874593933e+06
 -1.3503133455035222e-03   2.1800489375218390e+06   2.1803404206512840e+06
 -1.3444723094322500e-03   2.1800492083049435e+06   2.1803423038236951e+06
 -1.3386312733609787e-03   2.1800494790880485e+06   2.1803441869961065e+06
 -1.3327902372897065e-03   2.1800497498711534e+06   2.1803460701685175e+06
 -1.3269492012184352e-03   2.1800500206542583e+06   2.1803479533409295e+06
 -1.3211081651471630e-03   2.1800502914373633e+06   2.1803498365133405e+06
 -1.3152671290758916e-03   2.1800505622204682e+06   2.1803517196857519e+06
 -1.3094260930046203e-03   2.1800508330035722e+06   2.1803536028581634e+06
 -1.3035850569333481e-03   2.1800511037866771e+06   2.1803554860305744e+06
 -1.2977440208620768e-03   2.1800513810901125e+06   2.1803574145263690e+06
 -1.2919029847908046e-03   2.1800516650046329e+06   2.1803593889763928e+06
 -1.2860619487195333e-03   2.1800519489191533e+06   2.1803613634264176e+06
 -1.2802209126482620e-03   2.1800522328336737e+06   2.1803633378764414e+06
 -1.2743798765769898e-03   2.1800525167481937e+06   2.1803653123264657e+06
 -1.2685388405057185e-03   2.1800528006627145e+06   2.1803672867764905e+06
 -1.2626978044344463e-03   2.1800530845772345e+06   2.1803692612265144e+06
 -1.2568567683631749e-03   2.1800533684917549e+06   2.1803712356765387e+06
 -1.2510157322919028e-03   2.1800536524062753e+06   2.1803732101265630e+06
 -1.2451746962206314e-03   2.1800539488583477e+06   2.1803752717191437e+06
 -1.2393336601493601e-03   2.1800542459040666e+06   2.1803773374378723e+06
 -1.2334926240780879e-03   2.1800545429497845e+06   2.1803794031566009e+06
 -1.2276515880068166e-03   2.1800548399955025e+06   2.1803814688753299e+06
 -1.2218105519355444e-03   2.1800551370412209e+06   2.1803835345940585e+06
 -1.2159695158642731e-03   2.1800554340869389e+06   2.1803856003127876e+06
 -1.2101284797930018e-03   2.1800557311326568e+06   2.1803876660315162e+06
 -1.2042874437217296e-03   2.1800560281783757e+06   2.1803897317502452e+06
 -1.1984464076504582e-03   2.1800563356057913e+06   2.1803918696279260e+06
 -1.1926053715791861e-03   2.1800566457825634e+06   2.1803940266152681e+06
 -1.1867643355079147e-03   2.1800569559593359e+06   2.1803961836026101e+06
 -1.1809232994366434e-03   2.1800572661361084e+06   2.1803983405899522e+06
 -1.1750822633653712e-03   2.1800575763128810e+06   2.1804004975772938e+06
 -1.1692412272940999e-03   2.1800578864896530e+06   2.1804026545646363e+06
 -1.1634001912228277e-03   2.1800581966664260e+06   2.1804048115519779e+06
 -1.1575591551515564e-03   2.1800585068431986e+06   2.1804069685393199e+06
 -1.1517181190802842e-03   2.1800588297839942e+06   2.1804092142348289e+06
 -1.1458770830090129e-03   2.1800591530916300e+06   2.1804114624798256e+06
 -1.1400360469377415e-03   2.1800594763992657e+06   2.1804137107248213e+06
 -1.1341950108664694e-03   2.1800597997069019e+06   2.1804159589698180e+06
 -1.1283539747951980e-03   2.1800601230145372e+06   2.1804182072148146e+06
 -1.1225129387239258e-03   2.1800604463221733e+06   2.1804204554598103e+06
 -1.1166719026526545e-03   2.1800607696298091e+06   2.1804227037048070e+06
 -1.1108308665813832e-03   2.1800610991225163e+06   2.1804249949344918e+06
 -1.1049898305101110e-03   2.1800614355609338e+06   2.1804273344351212e+06
 -1.0991487944388397e-03   2.1800617719993517e+06   2.1804296739357505e+06
 -1.0933077583675675e-03   2.1800621084377696e+06   2.1804320134363794e+06
 -1.0874667222962962e-03   2.1800624448761875e+06   2.1804343529370087e+06
 -1.0816256862250248e-03   2.1800627813146054e+06   2.1804366924376376e+06
 -1.0757846501537527e-03   2.1800631177530233e+06   2.1804390319382669e+06
 -1.0699436140824813e-03   2.1800634576415685e+06   2.1804413954178826e+06
 -1.0641025780112091e-03   2.1800638072106317e+06   2.1804438261787891e+06
 -1.0582615419399378e-03   2.1800641567796948e+06   2.1804462569396948e+06
 -1.0524205058686656e-03   2.1800645063487585e+06   2.1804486877006008e+06
 -1.0465794697973943e-03   2.1800648559178216e+06   2.1804511184615069e+06
 -1.0407384337261230e-03   2.1800652054868848e+06   2.1804535492224130e+06
 -1.0348973976548508e-03   2.1800655550559484e+06   2.1804559799833186e+06
 -1.0290563615835795e-03   2.1800659088953440e+06   2.1804584404150872e+06
 -1.0232153255123073e-03   2.1800662715949649e+06   2.1804609624089366e+06
 -1.0173742894410360e-03   2.1800666342945863e+06   2.1804634844027860e+06
 -1.0115332533697646e-03   2.1800669969942076e+06   2.1804660063966354e+06
 -1.0056922172984924e-03   2.1800673596938290e+06   2.1804685283904849e+06
 -9.9985118122722112e-04   2.1800677223934503e+06   2.1804710503843343e+06
 -9.9401014515594893e-04   2.1800680850930712e+06   2.1804735723781832e+06
 -9.8816910908467760e-04   2.1800684561808538e+06   2.1804761526660621e+06
 -9.8232807301340628e-04   2.1800688320109388e+06   2.1804787659108555e+06
 -9.7648703694213409e-04   2.1800692078410233e+06   2.1804813791556479e+06
 -9.7064600087086277e-04   2.1800695836711079e+06   2.1804839924004413e+06
 -9.6480496479959058e-04   2.1800699595011934e+06   2.1804866056452342e+06
 -9.5896392872831925e-04   2.1800703353312779e+06   2.1804892188900271e+06
 -9.5312289265704706e-04   2.1800707136041038e+06   2.1804918491081060e+06
 -9.4728185658577574e-04   2.1800711025645942e+06   2.1804945535889887e+06
 -9.4144082051450442e-04   2.1800714915250852e+06   2.1804972580698710e+06
 -9.3559978444323223e-04   2.1800718804855756e+06   2.1804999625507537e+06
 -9.2975874837196090e-04   2.1800722694460666e+06   2.1805026670316360e+06
 -9.2391771230068871e-04   2.1800726584065575e+06   2.1805053715125187e+06
 -9.1807667622941739e-04   2.1800730473670484e+06   2.1805080759934019e+06
 -9.1223564015814607e-04   2.1800734488153085e+06   2.1805108672407661e+06
 -9.0639460408687388e-04   2.1800738509061220e+06   2.1805136629526601e+06
 -9.0055356801560255e-04   2.1800742529969346e+06   2.1805164586645542e+06
 -8.9471253194433036e-04   2.1800746550877476e+06   2.1805192543764478e+06
 -8.8887149587305904e-04   2.1800750571785606e+06   2.1805220500883418e+06
 -8.8303045980178772e-04   2.1800754592693737e+06   2.1805248458002359e+06
 -8.7718942373051553e-04   2.1800758734358749e+06   2.1805277254124111e+06
 -8.7134838765924420e-04   2.1800762886569430e+06   2.1805306123515749e+06
 -8.6550735158797201e-04   2.1800767038780106e+06   2.1805334992907392e+06
 -8.5966631551670069e-04   2.1800771190990792e+06   2.1805363862299034e+06
 -8.5382527944542850e-04   2.1800775343201468e+06   2.1805392731690672e+06
 -8.4798424337415718e-04   2.1800779505787874e+06   2.1805421673165131e+06
 -8.4214320730288585e-04   2.1800783789300318e+06   2.1805451454743501e+06
 -8.3630217123161366e-04   2.1800788072812762e+06   2.1805481236321866e+06
 -8.3046113516034234e-04   2.1800792356325206e+06   2.1805511017900240e+06
 -8.2462009908907015e-04   2.1800796639837651e+06   2.1805540799478609e+06
 -8.1877906301779883e-04   2.1800800923350095e+06   2.1805570581056974e+06
 -8.1293802694652750e-04   2.1800805261665722e+06   2.1805600743359472e+06
 -8.0709699087525531e-04   2.1800809676479865e+06   2.1805631437106151e+06
 -8.0125595480398399e-04   2.1800814091294012e+06   2.1805662130852821e+06
 -7.9541491873271180e-04   2.1800818506108164e+06   2.1805692824599491e+06
 -7.8957388266144048e-04   2.1800822920922306e+06   2.1805723518346162e+06
 -7.8373284659016915e-04   2.1800827335736454e+06   2.1805754212092841e+06
 -7.7789181051889696e-04   2.1800831871888665e+06   2.1805785748797436e+06
 -7.7205077444762564e-04   2.1800836418003971e+06   2.1805817354717455e+06
 -7.6620973837635345e-04   2.1800840964119271e+06   2.1805848960637474e+06
 -7.6036870230508213e-04   2.1800845510234577e+06   2.1805880566557492e+06
 -7.5452766623380994e-04   2.1800850056349877e+06   2.1805912172477511e+06
 -7.4868663016253861e-04   2.1800854679867676e+06   2.1805944316047323e+06
 -7.4284559409126729e-04   2.1800859357283725e+06   2.1805976834002859e+06
 -7.3700455801999510e-04   2.1800864034699774e+06   2.1806009351958395e+06
 -7.3116352194872378e-04   2.1800868712115828e+06   2.1806041869913931e+06
 -7.2532248587745159e-04   2.1800873389531877e+06   2.1806074387869467e+06
 -7.1948144980618026e-04   2.1800878120076400e+06   2.1806107274921038e+06
 -7.1364041373490894e-04   2.1800882928793402e+06   2.1806140705055278e+06
 -7.0779937766363675e-04   2.1800887737510400e+06   2.1806174135189527e+06
 -7.0195834159236543e-04   2.1800892546227397e+06   2.1806207565323771e+06
 -6.9611730552109324e-04   2.1800897354944395e+06   2.1806240995458020e+06
 -6.9027626944982191e-04   2.1800902211102853e+06   2.1806274755072668e+06
 -6.8443523337855059e-04   2.1800907151119839e+06   2.1806309097083947e+06
 -6.7859419730727840e-04   2.1800912091136831e+06   2.1806343439095225e+06
 -6.7275316123600708e-04   2.1800917031153827e+06   2.1806377781106504e+06
 -6.6691212516473489e-04   2.1800921971170818e+06   2.1806412123117778e+06
 -6.6107108909346356e-04   2.1800926970541701e+06   2.1806446877409639e+06
 -6.5523005302219137e-04   2.1800932041858495e+06   2.1806482131448076e+06
 -6.4938901695092005e-04   2.1800937113175290e+06   2.1806517385486518e+06
 -6.4354798087964873e-04   2.1800942184492094e+06   2.1806552639524960e+06
 -6.3770694480837654e-04   2.1800947255808888e+06   2.1806587893563397e+06
 -6.3186590873710521e-04   2.1800952415080070e+06   2.1806623758440595e+06
 -6.2602487266583302e-04   2.1800957617696994e+06   2.1806659924351680e+06
 -6.2018383659456170e-04   2.1800962820313908e+06   2.1806696090262765e+06
 -6.1434280052329038e-04   2.1800968022930827e+06   2.1806732256173845e+06
 -6.0850176445201819e-04   2.1800973226647922e+06   2.1806768429725538e+06
 -6.0266072838074686e-04   2.1800978560564425e+06   2.1806805507496297e+06
 -5.9681969230947467e-04   2.1800983894480928e+06   2.1806842585267057e+06
 -5.9097865623820335e-04   2.1800989228397431e+06   2.1806879663037816e+06
 -5.8513762016693203e-04   2.1800994562313934e+06   2.1806916740808580e+06
 -5.7929658409565984e-04   2.1800999956841562e+06   2.1806954239522163e+06
 -5.7345554802438851e-04   2.1801005422057402e+06   2.1806992229163805e+06
 -5.6761451195311632e-04   2.1801010887273252e+06   2.1807030218805438e+06
 -5.6177347588184500e-04   2.1801016352489097e+06   2.1807068208447071e+06
 -5.5593243981057281e-04   2.1801021820869059e+06   2.1807106220061448e+06
 -5.5009140373930149e-04   2.1801027417384386e+06   2.1807145121491430e+06
 -5.4425036766803016e-04   2.1801033013899713e+06   2.1807184022921422e+06
 -5.3840933159675797e-04   2.1801038610415035e+06   2.1807222924351403e+06
 -5.3256829552548665e-04   2.1801044206930362e+06   2.1807261825781385e+06
 -5.2672725945421446e-04   2.1801049894130444e+06   2.1807301356880856e+06
 -5.2088622338294314e-04   2.1801055621944843e+06   2.1807341169985784e+06
 -5.1504518731167181e-04   2.1801061349759242e+06   2.1807380983090717e+06
 -5.0920415124039962e-04   2.1801067077573640e+06   2.1807420796195650e+06
 -5.0336311516912830e-04   2.1801072865336328e+06   2.1807461025607656e+06
 -4.9752207909785611e-04   2.1801078724450227e+06   2.1807501750513595e+06
 -4.9168104302658479e-04   2.1801084583564131e+06   2.1807542475419533e+06
 -4.8584000695531347e-04   2.1801090442678025e+06   2.1807583200325472e+06
 -4.7999897088404127e-04   2.1801096343460535e+06   2.1807624214535588e+06
 -4.7415793481276995e-04   2.1801102333873147e+06   2.1807665851045344e+06
 -4.6831689874149776e-04   2.1801108324285760e+06   2.1807707487555104e+06
 -4.6247586267022644e-04   2.1801114314698363e+06   2.1807749124064860e+06
 -4.5663482659895425e-04   2.1801120340411323e+06   2.1807791005646246e+06
 -4.5079379052768292e-04   2.1801126462122453e+06   2.1807833553692144e+06
 -4.4495275445641160e-04   2.1801132583833579e+06   2.1807876101738042e+06
 -4.3911171838513941e-04   2.1801138705544709e+06   2.1807918649783940e+06
 -4.3327068231386809e-04   2.1801144867588230e+06   2.1807961477863756e+06
 -4.2742964624259590e-04   2.1801151120598270e+06   2.1808004937537839e+06
 -4.2158861017132458e-04   2.1801157373608304e+06   2.1808048397211926e+06
 -4.1574757410005325e-04   2.1801163626618339e+06   2.1808091856886009e+06
 -4.0990653802878106e-04   2.1801169935914283e+06   2.1808135707364320e+06
 -4.0406550195750974e-04   2.1801176320223520e+06   2.1808180078674802e+06
 -3.9822446588623755e-04   2.1801182704532756e+06   2.1808224449985279e+06
 -3.9238342981496623e-04   2.1801189088841993e+06   2.1808268821295761e+06
 -3.8654239374369490e-04   2.1801195555862570e+06   2.1808313766753194e+06
 -3.8070135767242271e-04   2.1801202071470586e+06   2.1808359049484008e+06
 -3.7486032160115139e-04   2.1801208587078601e+06   2.1808404332214817e+06
 -3.6901928552987920e-04   2.1801215102686621e+06   2.1808449614945631e+06
 -3.6317824945860788e-04   2.1801221737481360e+06   2.1808495724921608e+06
 -3.5733721338733569e-04   2.1801228384387754e+06   2.1808541918961499e+06
 -3.5149617731606436e-04   2.1801235031294143e+06   2.1808588113001394e+06
 -3.4565514124479304e-04   2.1801241712217750e+06   2.1808634543233775e+06
 -3.3981410517352085e-04   2.1801248490423234e+06   2.1808681648925557e+06
 -3.3397306910224953e-04   2.1801255268628718e+06   2.1808728754617334e+06
 -3.2813203303097734e-04   2.1801262046834202e+06   2.1808775860309107e+06
 -3.2229099695970601e-04   2.1801268914465071e+06   2.1808823586539072e+06
 -3.1644996088843469e-04   2.1801275823969757e+06   2.1808871603338635e+06
 -3.1060892481716250e-04   2.1801282733474439e+06   2.1808919620138197e+06
 -3.0476788874589118e-04   2.1801289665439907e+06   2.1808967792863054e+06
 -2.9892685267461899e-04   2.1801296706243372e+06   2.1809016721153543e+06
 -2.9308581660334766e-04   2.1801303747046841e+06   2.1809065649444032e+06
 -2.8724478053207547e-04   2.1801310787850302e+06   2.1809114577734522e+06
 -2.8140374446080415e-04   2.1801317924042442e+06   2.1809164168060953e+06
 -2.7556270838953283e-04   2.1801325096144527e+06   2.1809214007616970e+06
 -2.6972167231826064e-04   2.1801332268246617e+06   2.1809263847172987e+06
 -2.6388063624698931e-04   2.1801339485645699e+06   2.1809314001119472e+06
 -2.5803960017571712e-04   2.1801346789046880e+06   2.1809364751976086e+06
 -2.5219856410444580e-04   2.1801354092448056e+06   2.1809415502832704e+06
 -2.4635752803317448e-04   2.1801361399035486e+06   2.1809466275797714e+06
 -2.4051649196190229e-04   2.1801368833735748e+06   2.1809517937697219e+06
 -2.3467545589063096e-04   2.1801376268436005e+06   2.1809569599596728e+06
 -2.2883441981935877e-04   2.1801383703136272e+06   2.1809621261496227e+06
 -2.2299338374808745e-04   2.1801391237910576e+06   2.1809673617859059e+06
 -2.1715234767681613e-04   2.1801398803910054e+06   2.1809726190908770e+06
 -2.1131131160554394e-04   2.1801406369909537e+06   2.1809778763958481e+06
 -2.0547027553427261e-04   2.1801414009003812e+06   2.1809831844258998e+06
 -1.9962923946300042e-04   2.1801421706302548e+06   2.1809885328476890e+06
 -1.9378820339172910e-04   2.1801429403601279e+06   2.1809938812694787e+06
 -1.8794716732045691e-04   2.1801437154193972e+06   2.1809992666706308e+06
 -1.8210613124918559e-04   2.1801444982791580e+06   2.1810047061974695e+06
 -1.7626509517791426e-04   2.1801452811389179e+06   2.1810101457243082e+06
 -1.7042405910664207e-04   2.1801460680417987e+06   2.1810156133065424e+06
 -1.6458302303537075e-04   2.1801468640314816e+06   2.1810211439425088e+06
 -1.5874198696409856e-04   2.1801476600211645e+06   2.1810266745784744e+06
 -1.5290095089282724e-04   2.1801484594385689e+06   2.1810322290004091e+06
 -1.4705991482155591e-04   2.1801492685581697e+06   2.1810378507487383e+06
 -1.4121887875028372e-04   2.1801500776777705e+06   2.1810434724970669e+06
 -1.3537784267901240e-04   2.1801508902588161e+06   2.1810491182545363e+06
 -1.2953680660774021e-04   2.1801517125083432e+06   2.1810548310741642e+06
 -1.2369577053646889e-04   2.1801525347578698e+06   2.1810605438937917e+06
 -1.1785473446519756e-04   2.1801533611309621e+06   2.1810662853179788e+06
 -1.1201369839392537e-04   2.1801541965104551e+06   2.1810720892182165e+06
 -1.0617266232265405e-04   2.1801550318899481e+06   2.1810778931184541e+06
 -1.0033162625138186e-04   2.1801558726637699e+06   2.1810837344527496e+06
 -9.4490590180110537e-05   2.1801567211732618e+06   2.1810896294688876e+06
 -8.8649554108838347e-05   2.1801575696827532e+06   2.1810955244850251e+06
 -8.2808518037567024e-05   2.1801584254470672e+06   2.1811014698141664e+06
 -7.6967481966295700e-05   2.1801592870864407e+06   2.1811074558875007e+06
 -7.1126445895023510e-05   2.1801601487258142e+06   2.1811134419608344e+06
 -6.5285409823752187e-05   2.1801610200524777e+06   2.1811194952422851e+06
 -5.9444373752479997e-05   2.1801618948218776e+06   2.1811255724086207e+06
 -5.3603337681208674e-05   2.1801627695912770e+06   2.1811316495749559e+06
 -4.7762301609937351e-05   2.1801636570349904e+06   2.1811378146536648e+06
 -4.1921265538665160e-05   2.1801645449343831e+06   2.1811439828930935e+06
 -3.6080229467393837e-05   2.1801654359033871e+06   2.1811501724206437e+06
 -3.0239193396121647e-05   2.1801663369327099e+06   2.1811564317177185e+06
 -2.4398157324850324e-05   2.1801672379620322e+06   2.1811626910147932e+06
 -1.8557121253579001e-05   2.1801681461088802e+06   2.1811689996860079e+06
 -1.2716085182306811e-05   2.1801690602682400e+06   2.1811753500659065e+06
 -6.8750491110354875e-06   2.1801699744275999e+06   2.1811817004458043e+06
 -1.0340130397632971e-06   2.1801709002598817e+06   2.1811881317563462e+06
  4.8070230315080259e-06   2.1801718275492154e+06   2.1811945731689120e+06
  1.0648059102780216e-05   2.1801727584301224e+06   2.1812010394956376e+06
  1.6489095174051539e-05   2.1801736988494592e+06   2.1812075719889086e+06
  2.2330131245322862e-05   2.1801746392687964e+06   2.1812141044821786e+06
  2.8171167316595053e-05   2.1801755888078008e+06   2.1812207002184214e+06
  3.4012203387866376e-05   2.1801765423572133e+06   2.1812273237659973e+06
  3.9853239459138566e-05   2.1801774978905036e+06   2.1812339610715900e+06
  4.5694275530409889e-05   2.1801784645699430e+06   2.1812406756747328e+06
  5.1535311601681212e-05   2.1801794312493824e+06   2.1812473902778751e+06
  5.7376347672953402e-05   2.1801804063605187e+06   2.1812541633338230e+06
  6.3217383744224726e-05   2.1801813861699807e+06   2.1812609689609567e+06
  6.9058419815496916e-05   2.1801823681703485e+06   2.1812677897806219e+06
  7.4899455886768239e-05   2.1801833611099450e+06   2.1812746864568512e+06
  8.0740491958039562e-05   2.1801843540495420e+06   2.1812815831330805e+06
  8.6581528029311752e-05   2.1801853564989748e+06   2.1812885457506259e+06
  9.2422564100583075e-05   2.1801863625686108e+06   2.1812955334706972e+06
  9.8263600171855266e-05   2.1801873727555047e+06   2.1813025497357626e+06
  1.0410463624312659e-04   2.1801883919552052e+06   2.1813096284867185e+06
  1.0994567231439878e-04   2.1801894111549063e+06   2.1813167072376753e+06
  1.1578670838567010e-04   2.1801904426171347e+06   2.1813238709916878e+06
  1.2162774445694143e-04   2.1801914749469841e+06   2.1813310407599960e+06
  1.2746878052821362e-04   2.1801925149517809e+06   2.1813382637388823e+06
  1.3330981659948494e-04   2.1801935604117238e+06   2.1813455245384183e+06
  1.3915085267075713e-04   2.1801946093464638e+06   2.1813528094253903e+06
  1.4499188874202845e-04   2.1801956679365207e+06   2.1813601612434131e+06
  1.5083292481329977e-04   2.1801967265265766e+06   2.1813675130614368e+06
  1.5667396088457197e-04   2.1801977978991964e+06   2.1813749534845972e+06
  1.6251499695584329e-04   2.1801988696194175e+06   2.1813823963172329e+06
  1.6835603302711548e-04   2.1801999506682567e+06   2.1813899038171242e+06
  1.7419706909838680e-04   2.1802010355185792e+06   2.1813974376694229e+06
  1.8003810516965812e-04   2.1802021266032518e+06   2.1814050147315734e+06
  1.8587914124093032e-04   2.1802032245837343e+06   2.1814126395881218e+06
  1.9172017731220164e-04   2.1802043260552683e+06   2.1814202886404740e+06
  1.9756121338347383e-04   2.1802054371659895e+06   2.1814280045001958e+06
  2.0340224945474515e-04   2.1802065493671219e+06   2.1814357279169406e+06
  2.0924328552601734e-04   2.1802076736080484e+06   2.1814435347747100e+06
  2.1508432159728866e-04   2.1802087978489748e+06   2.1814513416324803e+06
  2.2092535766855999e-04   2.1802099342445368e+06   2.1814592327125561e+06
  2.2676639373983218e-04   2.1802110716156224e+06   2.1814671305522644e+06
  2.3260742981110350e-04   2.1802122194024418e+06   2.1814751005958184e+06
  2.3844846588237569e-04   2.1802133699037712e+06   2.1814830894568674e+06
  2.4428950195364701e-04   2.1802145294013554e+06   2.1814911406354243e+06
  2.5013053802491834e-04   2.1802156930329236e+06   2.1814992204502905e+06
  2.5597157409619053e-04   2.1802168645535391e+06   2.1815073549480299e+06
  2.6181261016746185e-04   2.1802180413153027e+06   2.1815155257747471e+06
  2.6765364623873404e-04   2.1802192251642938e+06   2.1815237457015864e+06
  2.7349468231000536e-04   2.1802204150563199e+06   2.1815320074944114e+06
  2.7933571838127669e-04   2.1802216115323096e+06   2.1815403149096896e+06
  2.8517675445254888e-04   2.1802228145546182e+06   2.1815486676865644e+06
  2.9101779052382020e-04   2.1802240239496753e+06   2.1815570646196636e+06
  2.9685882659509239e-04   2.1802252401022445e+06   2.1815655083749783e+06
  3.0269986266636371e-04   2.1802264627021570e+06   2.1815739967862582e+06
  3.0854089873763590e-04   2.1802276919850614e+06   2.1815825314856661e+06
  3.1438193480890723e-04   2.1802289280695207e+06   2.1815911133077345e+06
  3.2022297088017855e-04   2.1802301704827473e+06   2.1815997389768753e+06
  3.2606400695145074e-04   2.1802314203254883e+06   2.1816084161250968e+06
  3.3190504302272206e-04   2.1802326758690211e+06   2.1816171327740829e+06
  3.3774607909399425e-04   2.1802339397380999e+06   2.1816259070785725e+06
  3.4358711516526558e-04   2.1802352084120042e+06   2.1816347146571120e+06
  3.4942815123653690e-04   2.1802364865699247e+06   2.1816435879340954e+06
  3.5526918730780909e-04   2.1802377683741995e+06   2.1816524864703906e+06
  3.6111022337908041e-04   2.1802390610780544e+06   2.1816614605103498e+06
  3.6695125945035260e-04   2.1802403560126894e+06   2.1816704500033865e+06
  3.7279229552162393e-04   2.1802416635143803e+06   2.1816795265232921e+06
  3.7863333159289525e-04   2.1802429729303601e+06   2.1816886163014607e+06
  3.8447436766416744e-04   2.1802442941257576e+06   2.1816977876679087e+06
  3.9031540373543876e-04   2.1802456188283502e+06   2.1817069833195591e+06
  3.9615643980671095e-04   2.1802469531541965e+06   2.1817162456064313e+06
  4.0199747587798228e-04   2.1802482933806079e+06   2.1817255487599932e+06
  4.0783851194925447e-04   2.1802496408368647e+06   2.1817349019866996e+06
  4.1367954802052579e-04   2.1802509968195958e+06   2.1817443142389418e+06
  4.1952058409179711e-04   2.1802523574062428e+06   2.1817537583623440e+06
  4.2536162016306930e-04   2.1802537293734392e+06   2.1817632813416449e+06
  4.3120265623434063e-04   2.1802551044183346e+06   2.1817728256397559e+06
  4.3704369230561282e-04   2.1802564912660671e+06   2.1817824516612161e+06
  4.4288472837688414e-04   2.1802578827386685e+06   2.1817921096895440e+06
  4.4872576444815546e-04   2.1802592827168619e+06   2.1818018265816798e+06
  4.5456680051942765e-04   2.1802606908323821e+06   2.1818115998031627e+06
  4.6040783659069898e-04   2.1802621039409931e+06   2.1818214075885233e+06
  4.6624887266197117e-04   2.1802635289108544e+06   2.1818312975382456e+06
  4.7208990873324249e-04   2.1802649578120289e+06   2.1818412147107753e+06
  4.7793094480451381e-04   2.1802663971817936e+06   2.1818512043616241e+06
  4.8377198087578600e-04   2.1802678433485292e+06   2.1818612410434261e+06
  4.8961301694705733e-04   2.1802692958488250e+06   2.1818713215496582e+06
  4.9545405301832952e-04   2.1802707594810193e+06   2.1818814790985184e+06
  5.0129508908960084e-04   2.1802722276445664e+06   2.1818916680211192e+06
  5.0713612516087303e-04   2.1802737064059372e+06   2.1819019303434589e+06
  5.1297716123214435e-04   2.1802751924243793e+06   2.1819122428786671e+06
  5.1881819730341568e-04   2.1802766843164121e+06   2.1819225960542089e+06
  5.2465923337468787e-04   2.1802781883793129e+06   2.1819330335033848e+06
  5.3050026944595919e-04   2.1802796975422250e+06   2.1819435062435521e+06
  5.3634130551723138e-04   2.1802812156954478e+06   2.1819540411855425e+06
  5.4218234158850270e-04   2.1802827432719404e+06   2.1819646413169401e+06
  5.4802337765977403e-04   2.1802842763113105e+06   2.1819752792517571e+06
  5.5386441373104622e-04   2.1802858207258410e+06   2.1819859959547259e+06
  5.5970544980231754e-04   2.1802873725356432e+06   2.1819967638403694e+06
  5.6554648587358973e-04   2.1802889301589774e+06   2.1820075719612273e+06
  5.7138752194486105e-04   2.1802905008348944e+06   2.1820184703796203e+06
  5.7722855801613238e-04   2.1802920775733064e+06   2.1820294107400700e+06
  5.8306959408740457e-04   2.1802936613798980e+06   2.1820404000001904e+06
  5.8891063015867589e-04   2.1802952574015120e+06   2.1820514738119524e+06
  5.9475166622994808e-04   2.1802968597409595e+06   2.1820625913179191e+06
  6.0059270230121940e-04   2.1802984698089957e+06   2.1820737622671262e+06
  6.0643373837249159e-04   2.1803000917596146e+06   2.1820850154509824e+06
  6.1227477444376292e-04   2.1803017203506934e+06   2.1820963145808801e+06
  6.1811581051503424e-04   2.1803033566802419e+06   2.1821076672513704e+06
  6.2395684658630643e-04   2.1803050052000200e+06   2.1821191042355951e+06
  6.2979788265757775e-04   2.1803066606726209e+06   2.1821305893187909e+06
  6.3563891872884994e-04   2.1803083232638198e+06   2.1821421236493397e+06
  6.4147995480012127e-04   2.1803099989725207e+06   2.1821537487113853e+06
  6.4732099087139259e-04   2.1803116819365756e+06   2.1821654239478852e+06
  6.5316202694266478e-04   2.1803133723037275e+06   2.1821771503849477e+06
  6.5900306301393610e-04   2.1803150742873484e+06   2.1821889571895702e+06
  6.6484409908520829e-04   2.1803167853339366e+06   2.1822008266830505e+06
  6.7068513515647962e-04   2.1803185040723826e+06   2.1822127493677405e+06
  6.7652617122775181e-04   2.1803202323178207e+06   2.1822247377768550e+06
  6.8236720729902313e-04   2.1803219720200640e+06   2.1822368054248765e+06
  6.8820824337029445e-04   2.1803237196941548e+06   2.1822489282082957e+06
  6.9404927944156664e-04   2.1803254754769541e+06   2.1822611070712339e+06
  6.9989031551283797e-04   2.1803272431151029e+06   2.1822733679070319e+06
  7.0573135158411016e-04   2.1803290202723900e+06   2.1822856945721386e+06
  7.1157238765538148e-04   2.1803308058060543e+06   2.1822980791685889e+06
  7.1741342372665280e-04   2.1803325998469791e+06   2.1823105226042937e+06
  7.2325445979792499e-04   2.1803344068779685e+06   2.1823230557984249e+06
  7.2909549586919632e-04   2.1803362226861869e+06   2.1823356496858341e+06
  7.3493653194046851e-04   2.1803380472578462e+06   2.1823483041606606e+06
  7.4077756801173983e-04   2.1803398807182563e+06   2.1823610200790032e+06
  7.4661860408301115e-04   2.1803417271423135e+06   2.1823738256300166e+06
  7.5245964015428334e-04   2.1803435827460443e+06   2.1823866946339812e+06
  7.5830067622555467e-04   2.1803454474838576e+06   2.1823996267864271e+06
  7.6414171229682686e-04   2.1803473214758411e+06   2.1824126229226468e+06
  7.6998274836809818e-04   2.1803492072930895e+06   2.1824257007946097e+06
  7.7582378443937037e-04   2.1803511037887502e+06   2.1824388524525501e+06
  7.8166482051064169e-04   2.1803530097737540e+06   2.1824520696979547e+06
  7.8750585658191301e-04   2.1803549253632557e+06   2.1824653533171867e+06
  7.9334689265318521e-04   2.1803568506708429e+06   2.1824787040682230e+06
  7.9918792872445653e-04   2.1803587890125071e+06   2.1824921449609580e+06
  8.0502896479572872e-04   2.1803607372814193e+06   2.1825056544414340e+06
  8.1087000086700004e-04   2.1803626954910895e+06   2.1825192325958950e+06
  8.1671103693827136e-04   2.1803646637505936e+06   2.1825328801945448e+06
  8.2255207300954356e-04   2.1803666421675379e+06   2.1825465980125708e+06
  8.2839310908081488e-04   2.1803686330339001e+06   2.1825604018284772e+06
  8.3423414515208707e-04   2.1803706348456671e+06   2.1825742812471297e+06
  8.4007518122335839e-04   2.1803726470259144e+06   2.1825882323070057e+06
  8.4591621729462971e-04   2.1803746696781130e+06   2.1826022557164910e+06
  8.5175725336590190e-04   2.1803767029043874e+06   2.1826163521696208e+06
  8.5759828943717323e-04   2.1803787468055165e+06   2.1826305223655961e+06
  8.6343932550844542e-04   2.1803808033281253e+06   2.1826447798153507e+06
  8.6928036157971674e-04   2.1803828711348879e+06   2.1826591151574408e+06
  8.7512139765098893e-04   2.1803849498142921e+06   2.1826735256289733e+06
  8.8096243372226025e-04   2.1803870394633575e+06   2.1826880118505335e+06
  8.8680346979353158e-04   2.1803891401778897e+06   2.1827025744788842e+06
  8.9264450586480377e-04   2.1803912520524901e+06   2.1827172142083752e+06
  8.9848554193607509e-04   2.1803933751805709e+06   2.1827319316651849e+06
  9.0432657800734728e-04   2.1803955104911933e+06   2.1827467332120375e+06
  9.1016761407861860e-04   2.1803976580964392e+06   2.1827616197309182e+06
  9.1600865014988993e-04   2.1803998171386691e+06   2.1827765851908210e+06
  9.2184968622116212e-04   2.1804019877079627e+06   2.1827916302339691e+06
  9.2769072229243344e-04   2.1804041698932736e+06   2.1828067555129379e+06
  9.3353175836370563e-04   2.1804063637824710e+06   2.1828219615839636e+06
  9.3937279443497695e-04   2.1804085694623902e+06   2.1828372490412067e+06
  9.4521383050624828e-04   2.1804107870188579e+06   2.1828526185466130e+06
  9.5105486657752047e-04   2.1804130165366982e+06   2.1828680706258975e+06
  9.5689590264879179e-04   2.1804152580997767e+06   2.1828836058072639e+06
  9.6273693872006398e-04   2.1804175117909377e+06   2.1828992247582627e+06
  9.6857797479133530e-04   2.1804197784163584e+06   2.1829149329468710e+06
  9.7441901086260749e-04   2.1804220574489650e+06   2.1829307268066872e+06
  9.8026004693387882e-04   2.1804243487724289e+06   2.1829466055154549e+06
  9.8610108300515014e-04   2.1804266524667600e+06   2.1829625696006571e+06
  9.9194211907642233e-04   2.1804289686110984e+06   2.1829786196027952e+06
  9.9778315514769365e-04   2.1804312972836555e+06   2.1829947560751331e+06
  1.0036241912189658e-03   2.1804336385617331e+06   2.1830109795232345e+06
  1.0094652272902372e-03   2.1804359925217745e+06   2.1830272905152575e+06
  1.0153062633615094e-03   2.1804383592394195e+06   2.1830436895252210e+06
  1.0211472994327798e-03   2.1804407387894536e+06   2.1830601770421388e+06
  1.0269883355040520e-03   2.1804431312458292e+06   2.1830767536437642e+06
  1.0328293715753242e-03   2.1804455366816833e+06   2.1830934198002433e+06
  1.0386704076465964e-03   2.1804479551693341e+06   2.1831101760025262e+06
  1.0445114437178668e-03   2.1804503867803332e+06   2.1831270227511101e+06
  1.0503524797891390e-03   2.1804528315855134e+06   2.1831439605104798e+06
  1.0561935158604112e-03   2.1804552896549217e+06   2.1831609897736916e+06
  1.0620345519316817e-03   2.1804577610578365e+06   2.1831781110114683e+06
  1.0678755880029539e-03   2.1804602458627988e+06   2.1831953246537228e+06
  1.0737166240742261e-03   2.1804627441376066e+06   2.1832126312603327e+06
  1.0795576601454965e-03   2.1804652559493678e+06   2.1832300312081533e+06
  1.0853986962167687e-03   2.1804677813645503e+06   2.1832475249814405e+06
  1.0912397322880409e-03   2.1804703204488824e+06   2.1832651130184410e+06
  1.0970807683593131e-03   2.1804728732674317e+06   2.1832827957673548e+06
  1.1029218044305835e-03   2.1804754398845881e+06   2.1833005736187240e+06
  1.1087628405018557e-03   2.1804780203640419e+06   2.1833184471223610e+06
  1.1146038765731279e-03   2.1804806151101366e+06   2.1833364189479006e+06
  1.1204449126443984e-03   2.1804832244203589e+06   2.1833544912223364e+06
  1.1262859487156706e-03   2.1804858478413592e+06   2.1833726607624199e+06
  1.1321269847869428e-03   2.1804884854337829e+06   2.1833909279744420e+06
  1.1379680208582149e-03   2.1804911372576249e+06   2.1834092933062403e+06
  1.1438090569294854e-03   2.1804938033722392e+06   2.1834277571757408e+06
  1.1496500930007576e-03   2.1804964838363994e+06   2.1834463199588205e+06
  1.1554911290720298e-03   2.1804991787083568e+06   2.1834649820511155e+06
  1.1613321651433002e-03   2.1805018880458074e+06   2.1834837438147450e+06
  1.1671732012145724e-03   2.1805046119058668e+06   2.1835026056187451e+06
  1.1730142372858446e-03   2.1805073509153179e+06   2.1835215718848282e+06
  1.1788552733571151e-03   2.1805101055481336e+06   2.1835406458613090e+06
  1.1846963094283873e-03   2.1805128749265024e+06   2.1835598213689467e+06
  1.1905373454996595e-03   2.1805156591049223e+06   2.1835790988623495e+06
  1.1963783815709316e-03   2.1805184581373367e+06   2.1835984787173215e+06
  1.2022194176422021e-03   2.1805212720771409e+06   2.1836179612668077e+06
  1.2080604537134743e-03   2.1805241009772457e+06   2.1836375469331178e+06
  1.2139014897847465e-03   2.1805269463056447e+06   2.1836572457617959e+06
  1.2197425258560169e-03   2.1805298072670219e+06   2.1836770522157182e+06
  1.2255835619272891e-03   2.1805326833955906e+06   2.1836969632003554e+06
  1.2314245979985613e-03   2.1805355747418632e+06   2.1837169789556079e+06
  1.2372656340698335e-03   2.1805384813559554e+06   2.1837370999170695e+06
  1.2431066701411040e-03   2.1805414042294854e+06   2.1837573328312435e+06
  1.2489477062123762e-03   2.1805443438105281e+06   2.1837776808150867e+06
  1.2547887422836483e-03   2.1805472988551673e+06   2.1837981353027169e+06
  1.2606297783549188e-03   2.1805502694112873e+06   2.1838186965675913e+06
  1.2664708144261910e-03   2.1805532555264151e+06   2.1838393649890604e+06
  1.2723118504974632e-03   2.1805562594707250e+06   2.1838601561505203e+06
  1.2781528865687336e-03   2.1805592794110300e+06   2.1838810574419280e+06
  1.2839939226400058e-03   2.1805623150960067e+06   2.1839020671221032e+06
  1.2898349587112780e-03   2.1805653665710678e+06   2.1839231854580361e+06
  1.2956759947825502e-03   2.1805684362578741e+06   2.1839444292350342e+06
  1.3015170308538207e-03   2.1805715222394187e+06   2.1839657851689341e+06
  1.3073580669250929e-03   2.1805746241890220e+06   2.1839872510053450e+06
  1.3131991029963650e-03   2.1805777428220902e+06   2.1840088316434422e+06
  1.3190401390676355e-03   2.1805808798027849e+06   2.1840305384996193e+06
  1.3248811751389077e-03   2.1805840329233529e+06   2.1840523564598132e+06
  1.3307222112101799e-03   2.1805872022259007e+06   2.1840742857867638e+06
  1.3365632472814521e-03   2.1805903905363278e+06   2.1840963459025971e+06
  1.3424042833527225e-03   2.1805935955013079e+06   2.1841185206296174e+06
  1.3482453194239947e-03   2.1805968168132771e+06   2.1841408077865895e+06
  1.3540863554952669e-03   2.1806000571008441e+06   2.1841632254820545e+06
  1.3599273915665374e-03   2.1806033145618737e+06   2.1841857613292667e+06
  1.3657684276378096e-03   2.1806065885294476e+06   2.1842084107335648e+06
  1.3716094637090817e-03   2.1806098820706336e+06   2.1842311947736228e+06
  1.3774504997803522e-03   2.1806131926584346e+06   2.1842540960256597e+06
  1.3832915358516244e-03   2.1806165203869226e+06   2.1842771151371440e+06
  1.3891325719228966e-03   2.1806198679385683e+06   2.1843002706315448e+06
  1.3949736079941688e-03   2.1806232322640750e+06   2.1843235414373260e+06
  1.4008146440654392e-03   2.1806266153842579e+06   2.1843469415196800e+06
  1.4066556801367114e-03   2.1806300171192782e+06   2.1843704695306616e+06
  1.4124967162079836e-03   2.1806334359865431e+06   2.1843941153619625e+06
  1.4183377522792541e-03   2.1806368754564850e+06   2.1844179028258775e+06
  1.4241787883505263e-03   2.1806403319533980e+06   2.1844418073295951e+06
  1.4300198244217984e-03   2.1806438082365491e+06   2.1844658478546012e+06
  1.4358608604930706e-03   2.1806473028905429e+06   2.1844900146167413e+06
  1.4417018965643411e-03   2.1806508163985484e+06   2.1845143109836373e+06
  1.4475429326356133e-03   2.1806543495181156e+06   2.1845387421490154e+06
  1.4533839687068855e-03   2.1806579008608945e+06   2.1845632985296440e+06
  1.4592250047781559e-03   2.1806614727476109e+06   2.1845879960732185e+06
  1.4650660408494281e-03   2.1806650625214968e+06   2.1846128165448066e+06
  1.4709070769207003e-03   2.1806686734703267e+06   2.1846377824794459e+06
  1.4767481129919708e-03   2.1806723022587099e+06   2.1846628710065959e+06
  1.4825891490632430e-03   2.1806759525583829e+06   2.1846881072350126e+06
  1.4884301851345151e-03   2.1806796209321776e+06   2.1847134676888534e+06
  1.4942712212057873e-03   2.1806833108649938e+06   2.1847389762381823e+06
  1.5001122572770578e-03   2.1806870193826770e+06   2.1847646123418836e+06
  1.5059532933483300e-03   2.1806907492249855e+06   2.1847903949570577e+06
  1.5117943294196022e-03   2.1806944984334977e+06   2.1848163105778797e+06
  1.5176353654908726e-03   2.1806982684561135e+06   2.1848423691025404e+06
  1.5234764015621448e-03   2.1807020588909271e+06   2.1848685678003537e+06
  1.5293174376334170e-03   2.1807058693587063e+06   2.1848949040332115e+06
  1.5351584737046892e-03   2.1807097015440753e+06   2.1849213893550611e+06
  1.5409995097759597e-03   2.1807135530934543e+06   2.1849480076250671e+06
  1.5468405458472318e-03   2.1807174271661956e+06   2.1849747804880179e+06
  1.5526815819185040e-03   2.1807213213165128e+06   2.1850016911802064e+06
  1.5585226179897745e-03   2.1807252365149539e+06   2.1850287463122038e+06
  1.5643636540610467e-03   2.1807291737626125e+06   2.1850559527831748e+06
  1.5702046901323189e-03   2.1807331312569748e+06   2.1850832981852288e+06
  1.5760457262035893e-03   2.1807371111641638e+06   2.1851107973786024e+06
  1.5818867622748615e-03   2.1807411125615584e+06   2.1851384440205875e+06
  1.5877277983461337e-03   2.1807451347339018e+06   2.1851662332182638e+06
  1.5935688344174059e-03   2.1807491800104831e+06   2.1851941808912596e+06
  1.5994098704886764e-03   2.1807532468653051e+06   2.1852222765737893e+06
  1.6052509065599485e-03   2.1807573350062221e+06   2.1852505183126656e+06
  1.6110919426312207e-03   2.1807614462914029e+06   2.1852789187560324e+06
  1.6169329787024912e-03   2.1807655798695488e+06   2.1853074720736314e+06
  1.6227740147737634e-03   2.1807697352288775e+06   2.1853361747894399e+06
  1.6286150508450356e-03   2.1807739131417917e+06   2.1853650321269040e+06
  1.6344560869163078e-03   2.1807781146691288e+06   2.1853940513821491e+06
  1.6402971229875782e-03   2.1807823384572309e+06   2.1854232232635785e+06
  1.6461381590588504e-03   2.1807865846938337e+06   2.1854525490529072e+06
  1.6519791951301226e-03   2.1807908542622384e+06   2.1854820347588267e+06
  1.6578202312013931e-03   2.1807951476525026e+06   2.1855116837714799e+06
  1.6636612672726652e-03   2.1807994639504035e+06   2.1855414897662168e+06
  1.6695023033439374e-03   2.1808038033357328e+06   2.1855714540167060e+06
  1.6753433394152079e-03   2.1808081659860797e+06   2.1856015776491654e+06
  1.6811843754864801e-03   2.1808125531683010e+06   2.1856318694178741e+06
  1.6870254115577523e-03   2.1808169641788700e+06   2.1856623244514349e+06
  1.6928664476290245e-03   2.1808213988892487e+06   2.1856929418356735e+06
  1.6987074837002949e-03   2.1808258574697794e+06   2.1857237227253853e+06
  1.7045485197715671e-03   2.1808303400887768e+06   2.1857546682663974e+06
  1.7103895558428393e-03   2.1808348469126723e+06   2.1857857796025397e+06
  1.7162305919141098e-03   2.1808393787696152e+06   2.1858170624282886e+06
  1.7220716279853819e-03   2.1808439353430090e+06   2.1858485144488886e+06
  1.7279126640566541e-03   2.1808485165287727e+06   2.1858801350429258e+06
  1.7337537001279263e-03   2.1808531224866509e+06   2.1859119252440985e+06
  1.7395947361991968e-03   2.1808577533746092e+06   2.1859438861065726e+06
  1.7454357722704690e-03   2.1808624093488785e+06   2.1859760187187735e+06
  1.7512768083417412e-03   2.1808670905638328e+06   2.1860083240962350e+06
  1.7571178444130116e-03   2.1808717971720886e+06   2.1860408032734441e+06
  1.7629588804842838e-03   2.1808765293246140e+06   2.1860734573057159e+06
  1.7687999165555560e-03   2.1808812871707189e+06   2.1861062871413501e+06
  1.7746409526268265e-03   2.1808860708581414e+06   2.1861392937882617e+06
  1.7804819886980986e-03   2.1808908805329334e+06   2.1861724783014804e+06
  1.7863230247693708e-03   2.1808957163395043e+06   2.1862058415468535e+06
  1.7921640608406430e-03   2.1809005784207424e+06   2.1862393845366919e+06
  1.7980050969119135e-03   2.1809054669180168e+06   2.1862731082083415e+06
  1.8038461329831857e-03   2.1809103819712182e+06   2.1863070135505339e+06
  1.8096871690544579e-03   2.1809153237188198e+06   2.1863411013956931e+06
  1.8155282051257283e-03   2.1809202922976902e+06   2.1863753727713786e+06
  1.8213692411970005e-03   2.1809252878432083e+06   2.1864098285221960e+06
  1.8272102772682727e-03   2.1809303104893649e+06   2.1864444695390658e+06
  1.8330513133395449e-03   2.1809353603688278e+06   2.1864792967576841e+06
  1.8388923494108153e-03   2.1809404376130132e+06   2.1865143110160641e+06
  1.8447333854820875e-03   2.1809455423518559e+06   2.1865495132045900e+06
  1.8505744215533597e-03   2.1809506747138700e+06   2.1865849041965134e+06
  1.8564154576246302e-03   2.1809558348262710e+06   2.1866204848454944e+06
  1.8622564936959024e-03   2.1809610230461932e+06   2.1866562574954368e+06
  1.8680975297671746e-03   2.1809662399477051e+06   2.1866922261948967e+06
  1.8739385658384450e-03   2.1809714850351219e+06   2.1867283873708933e+06
  1.8797796019097172e-03   2.1809767584300349e+06   2.1867647419474260e+06
  1.8856206379809894e-03   2.1809820602527983e+06   2.1868012907067644e+06
  1.8914616740522616e-03   2.1809873906226461e+06   2.1868380344351102e+06
  1.8973027101235320e-03   2.1809927503250102e+06   2.1868749785018465e+06
  1.9031437461948042e-03   2.1809981394410264e+06   2.1869121233867090e+06
  1.9089847822660764e-03   2.1810035575123904e+06   2.1869494659818960e+06
  1.9148258183373469e-03   2.1810090046531237e+06   2.1869870070080226e+06
  1.9206668544086191e-03   2.1810144813696817e+06   2.1870247499286849e+06
  1.9265078904798913e-03   2.1810199885398559e+06   2.1870627007172573e+06
  1.9323489265511634e-03   2.1810255251700925e+06   2.1871008525758437e+06
  1.9381899626224339e-03   2.1810310913697798e+06   2.1871392062173574e+06
  1.9440309986937061e-03   2.1810366884912411e+06   2.1871777708975594e+06
  1.9498720347649783e-03   2.1810423159498754e+06   2.1872165424868381e+06
  1.9557130708362487e-03   2.1810479733522269e+06   2.1872555183974705e+06
  1.9615541069075209e-03   2.1810536619963916e+06   2.1872947074141186e+06
  1.9673951429787931e-03   2.1810593815784114e+06   2.1873341074061668e+06
  1.9732361790500636e-03   2.1810651314667449e+06   2.1873737141002021e+06
  1.9790772151213358e-03   2.1810709135363107e+06   2.1874135402555428e+06
  1.9849182511926080e-03   2.1810767264959225e+06   2.1874535770029793e+06
  1.9907592872638801e-03   2.1810825707993237e+06   2.1874938274705377e+06
  1.9966003233351506e-03   2.1810884474497926e+06   2.1875342984538083e+06
  2.0024413594064228e-03   2.1810943550016247e+06   2.1875749800277576e+06
  2.0082823954776950e-03   2.1811002958536055e+06   2.1876158885730943e+06
  2.0141234315489654e-03   2.1811062679410423e+06   2.1876570100033777e+06
  2.0199644676202376e-03   2.1811122731984174e+06   2.1876983574012308e+06
  2.0258055036915098e-03   2.1811183104087044e+06   2.1877399225192866e+06
  2.0316465397627820e-03   2.1811243809428294e+06   2.1877817146272706e+06
  2.0374875758340525e-03   2.1811304838509131e+06   2.1878237272438221e+06
  2.0433286119053247e-03   2.1811366205144944e+06   2.1878659698211434e+06
  2.0491696479765968e-03   2.1811427896827310e+06   2.1879084336697562e+06
  2.0550106840478673e-03   2.1811489933101777e+06   2.1879511322338856e+06
  2.0608517201191395e-03   2.1811552296272516e+06   2.1879940533219757e+06
  2.0666927561904117e-03   2.1811615006975597e+06   2.1880372109902911e+06
  2.0725337922616821e-03   2.1811678052775040e+06   2.1880805967751620e+06
  2.0783748283329543e-03   2.1811741440156093e+06   2.1881242150368318e+06
  2.0842158644042265e-03   2.1811805176482080e+06   2.1881680707400306e+06
  2.0900569004754987e-03   2.1811869252027664e+06   2.1882121572352634e+06
  2.0958979365467692e-03   2.1811933680345849e+06   2.1882564838178814e+06
  2.1017389726180414e-03   2.1811998458723994e+06   2.1883010485026184e+06
  2.1075800086893135e-03   2.1812063583583618e+06   2.1883458488480952e+06
  2.1134210447605840e-03   2.1812129065754092e+06   2.1883908921957887e+06
  2.1192620808318562e-03   2.1812194905355666e+06   2.1884361786046480e+06
  2.1251031169031284e-03   2.1812261098471177e+06   2.1884817053860743e+06
  2.1309441529744006e-03   2.1812327647679606e+06   2.1885274742724379e+06
  2.1367851890456710e-03   2.1812394566393648e+06   2.1885734943166799e+06
  2.1426262251169432e-03   2.1812461846110560e+06   2.1886197597369952e+06
  2.1484672611882154e-03   2.1812529488650993e+06   2.1886662717443006e+06
  2.1543082972594859e-03   2.1812597496486497e+06   2.1887130319634862e+06
  2.1601493333307581e-03   2.1812665874380139e+06   2.1887600436468269e+06
  2.1659903694020302e-03   2.1812734627826884e+06   2.1888073103795666e+06
  2.1718314054733007e-03   2.1812803753018081e+06   2.1888548296945347e+06
  2.1776724415445729e-03   2.1812873252321915e+06   2.1889026030247118e+06
  2.1835134776158451e-03   2.1812943128081094e+06   2.1889506320325262e+06
  2.1893545136871173e-03   2.1813013382611023e+06   2.1889989182164124e+06
  2.1951955497583877e-03   2.1813084018200557e+06   2.1890474631083519e+06
  2.2010365858296599e-03   2.1813155037113675e+06   2.1890962682328769e+06
  2.2068776219009321e-03   2.1813226441589170e+06   2.1891453349769143e+06
  2.2127186579722026e-03   2.1813298233842640e+06   2.1891946649143323e+06
  2.2185596940434748e-03   2.1813370417021061e+06   2.1892442601212407e+06
  2.2244007301147469e-03   2.1813442991805472e+06   2.1892941210037135e+06
  2.2302417661860191e-03   2.1813515960155684e+06   2.1893442488776515e+06
  2.2360828022572896e-03   2.1813589324199278e+06   2.1893946450757696e+06
  2.2419238383285618e-03   2.1813663087608875e+06   2.1894453121491848e+06
  2.2477648743998340e-03   2.1813737251705038e+06   2.1894962509211130e+06
  2.2536059104711044e-03   2.1813811818424417e+06   2.1895474626475032e+06
  2.2594469465423766e-03   2.1813886789798834e+06   2.1895989486962906e+06
  2.2652879826136488e-03   2.1813962167838705e+06   2.1896507103776969e+06
  2.2711290186849210e-03   2.1814037954534208e+06   2.1897027489997433e+06
  2.2769700547561915e-03   2.1814114151854091e+06   2.1897550658160173e+06
  2.2828110908274636e-03   2.1814190761746354e+06   2.1898076622132245e+06
  2.2886521268987358e-03   2.1814267786139990e+06   2.1898605393918431e+06
  2.2944931629700063e-03   2.1814345232686885e+06   2.1899137024873374e+06
  2.3003341990412785e-03   2.1814423100255025e+06   2.1899671507017193e+06
  2.3061752351125507e-03   2.1814501388613349e+06   2.1900208838063469e+06
  2.3120162711838211e-03   2.1814580099606821e+06   2.1900749030728373e+06
  2.3178573072550933e-03   2.1814659238121393e+06   2.1901292117309528e+06
  2.3236983433263655e-03   2.1814738810949293e+06   2.1901838143276665e+06
  2.3295393793976377e-03   2.1814818812433393e+06   2.1902387070247391e+06
  2.3353804154689082e-03   2.1814899244341562e+06   2.1902938909317432e+06
  2.3412214515401803e-03   2.1814980120038665e+06   2.1903493750719754e+06
  2.3470624876114525e-03   2.1815061431655828e+06   2.1904051540658968e+06
  2.3529035236827230e-03   2.1815143179963967e+06   2.1904612283931710e+06
  2.3587445597539952e-03   2.1815225380606665e+06   2.1905176086188490e+06
  2.3645855958252674e-03   2.1815308021372021e+06   2.1905742863606047e+06
  2.3704266318965396e-03   2.1815391112584495e+06   2.1906312686742903e+06
  2.3762676679678100e-03   2.1815474655325417e+06   2.1906885561108994e+06
  2.3821087040390822e-03   2.1815558648501434e+06   2.1907461479070573e+06
  2.3879497401103544e-03   2.1815643102044421e+06   2.1908040508358227e+06
  2.3937907761816249e-03   2.1815728008823465e+06   2.1908622599451882e+06
  2.3996318122528970e-03   2.1815813381803352e+06   2.1909207839507693e+06
  2.4054728483241692e-03   2.1815899213568303e+06   2.1909796178040612e+06
  2.4113138843954397e-03   2.1815985514432630e+06   2.1910387684143824e+06
  2.4171549204667119e-03   2.1816072282328689e+06   2.1910982343257293e+06
  2.4229959565379841e-03   2.1816159519352629e+06   2.1911580168852797e+06
  2.4288369926092563e-03   2.1816247234289898e+06   2.1912181220621429e+06
  2.4346780286805267e-03   2.1816335420117248e+06   2.1912785449656718e+06
  2.4405190647517989e-03   2.1816424088227027e+06   2.1913392932965741e+06
  2.4463601008230711e-03   2.1816513237781739e+06   2.1914003663790086e+06
  2.4522011368943416e-03   2.1816602867607740e+06   2.1914617633628473e+06
  2.4580421729656137e-03   2.1816692986159436e+06   2.1915234900132907e+06
  2.4638832090368859e-03   2.1816783595863921e+06   2.1915855477417125e+06
  2.4697242451081581e-03   2.1816874694919968e+06   2.1916479354173015e+06
  2.4755652811794286e-03   2.1816966286560432e+06   2.1917106550571444e+06
  2.4814063172507008e-03   2.1817058377231462e+06   2.1917737109974623e+06
  2.4872473533219730e-03   2.1817150969962869e+06   2.1918371052498114e+06
  2.4930883893932434e-03   2.1817244063975126e+06   2.1919008371760226e+06
  2.4989294254645156e-03   2.1817337662364505e+06   2.1919649088747455e+06
  2.5047704615357878e-03   2.1817431768194353e+06   2.1920293222909365e+06
  2.5106114976070583e-03   2.1817526384491781e+06   2.1920940794133153e+06
  2.5164525336783304e-03   2.1817621514249546e+06   2.1921591821728707e+06
  2.5222935697496026e-03   2.1817717160427803e+06   2.1922246325614206e+06
  2.5281346058208748e-03   2.1817813325956296e+06   2.1922904324743096e+06
  2.5339756418921453e-03   2.1817910014246986e+06   2.1923565840990022e+06
  2.5398166779634175e-03   2.1818007227004175e+06   2.1924230885396115e+06
  2.5456577140346897e-03   2.1818104967464819e+06   2.1924899479654948e+06
  2.5514987501059601e-03   2.1818203239055602e+06   2.1925571645146902e+06
  2.5573397861772323e-03   2.1818302044173856e+06   2.1926247397991964e+06
  2.5631808222485045e-03   2.1818401385566508e+06   2.1926926756129563e+06
  2.5690218583197767e-03   2.1818501265949300e+06   2.1927609736464028e+06
  2.5748628943910471e-03   2.1818601688009128e+06   2.1928296357194469e+06
  2.5807039304623193e-03   2.1818702654405269e+06   2.1928986634951481e+06
  2.5865449665335915e-03   2.1818804167771954e+06   2.1929680587101127e+06
  2.5923860026048620e-03   2.1818906231202530e+06   2.1930378233481022e+06
  2.5982270386761342e-03   2.1819008853321909e+06   2.1931079631067743e+06
  2.6040680747474064e-03   2.1819112030781098e+06   2.1931784757373850e+06
  2.6099091108186768e-03   2.1819215766099622e+06   2.1932493628019197e+06
  2.6157501468899490e-03   2.1819320063584638e+06   2.1933206271226928e+06
  2.6215911829612212e-03   2.1819424931754582e+06   2.1933922743422515e+06
  2.6274322190324934e-03   2.1819530365801784e+06   2.1934643012182829e+06
  2.6332732551037638e-03   2.1819636370726386e+06   2.1935367109832363e+06
  2.6391142911750360e-03   2.1819742955364720e+06   2.1936095094513735e+06
  2.6449553272463082e-03   2.1819850113642416e+06   2.1936826925217658e+06
  2.6507963633175787e-03   2.1819957857528557e+06   2.1937562681518737e+06
  2.6566373993888509e-03   2.1820066183583997e+06   2.1938302339579067e+06
  2.6624784354601231e-03   2.1820175098758684e+06   2.1939045944624161e+06
  2.6683194715313953e-03   2.1820284604169633e+06   2.1939793503502221e+06
  2.6741605076026657e-03   2.1820394704951528e+06   2.1940545050471239e+06
  2.6800015436739379e-03   2.1820505401054961e+06   2.1941300584010780e+06
  2.6858425797452101e-03   2.1820616701455200e+06   2.1942060162997455e+06
  2.6916836158164805e-03   2.1820728601237405e+06   2.1942823754433319e+06
  2.6975246518877527e-03   2.1820841113073300e+06   2.1943591440947843e+06
  2.7033656879590249e-03   2.1820954233685671e+06   2.1944363201488364e+06
  2.7092067240302954e-03   2.1821067965272595e+06   2.1945139048582907e+06
  2.7150477601015676e-03   2.1821182318817470e+06   2.1945919055817393e+06
  2.7208887961728398e-03   2.1821297291761674e+06   2.1946703204516233e+06
  2.7267298322441120e-03   2.1821412886902522e+06   2.1947491512407358e+06
  2.7325708683153824e-03   2.1821529108162266e+06   2.1948284005181133e+06
  2.7384119043866546e-03   2.1821645963686863e+06   2.1949080736961956e+06
  2.7442529404579268e-03   2.1821763453136887e+06   2.1949881703221998e+06
  2.7500939765291972e-03   2.1821881579452720e+06   2.1950686923660226e+06
  2.7559350126004694e-03   2.1822000346394684e+06   2.1951496421998637e+06
  2.7617760486717416e-03   2.1822119757679296e+06   2.1952310222581839e+06
  2.7676170847430138e-03   2.1822239816981130e+06   2.1953128348278124e+06
  2.7734581208142843e-03   2.1822360527935019e+06   2.1953950823379196e+06
  2.7792991568855565e-03   2.1822481894138851e+06   2.1954777669883501e+06
  2.7851401929568287e-03   2.1822603919152524e+06   2.1955608911174685e+06
  2.7909812290280991e-03   2.1822726606495045e+06   2.1956444569526864e+06
  2.7968222650993713e-03   2.1822849959647353e+06   2.1957284667163584e+06
  2.8026633011706435e-03   2.1822973982054023e+06   2.1958129226090824e+06
  2.8085043372419139e-03   2.1823098677127035e+06   2.1958978268039338e+06
  2.8143453733131861e-03   2.1823224048240944e+06   2.1959831814511875e+06
  2.8201864093844583e-03   2.1823350099059003e+06   2.1960689888714980e+06
  2.8260274454557305e-03   2.1823476837711064e+06   2.1961552543605738e+06
  2.8318684815270010e-03   2.1823604262961685e+06   2.1962419770317092e+06
  2.8377095175982732e-03   2.1823732378043318e+06   2.1963291589141916e+06
  2.8435505536695454e-03   2.1823861187536810e+06   2.1964168029558100e+06
  2.8493915897408158e-03   2.1823990699998485e+06   2.1965049146877737e+06
  2.8552326258120880e-03   2.1824120912402729e+06   2.1965934920759923e+06
  2.8610736618833602e-03   2.1824251831239304e+06   2.1966825391959748e+06
  2.8669146979546324e-03   2.1824383462917539e+06   2.1967720603146157e+06
  2.8727557340259028e-03   2.1824515804518294e+06   2.1968620533388457e+06
  2.8785967700971750e-03   2.1824648870117348e+06   2.1969525275094188e+06
  2.8844378061684472e-03   2.1824782652007202e+06   2.1970434775719652e+06
  2.8902788422397177e-03   2.1824917165713152e+06   2.1971349137224294e+06
  2.8961198783109899e-03   2.1825052404616000e+06   2.1972268314669728e+06
  2.9019609143822621e-03   2.1825188380754017e+06   2.1973192386117042e+06
  2.9078019504535325e-03   2.1825325093462369e+06   2.1974121346849138e+06
  2.9136429865248047e-03   2.1825462545613036e+06   2.1975055214435142e+06
  2.9194840225960769e-03   2.1825600748432344e+06   2.1975994061847581e+06
  2.9253250586673491e-03   2.1825739699081699e+06   2.1976937869324922e+06
  2.9311660947386195e-03   2.1825879402254312e+06   2.1977886666402533e+06
  2.9370071308098917e-03   2.1826019864230175e+06   2.1978840493590315e+06
  2.9428481668811639e-03   2.1826161090515405e+06   2.1979799386043744e+06
  2.9486892029524344e-03   2.1826303082345803e+06   2.1980763350411137e+06
  2.9545302390237066e-03   2.1826445844217720e+06   2.1981732415459654e+06
  2.9603712750949788e-03   2.1826589380578292e+06   2.1982706609606221e+06
  2.9662123111662509e-03   2.1826733695827504e+06   2.1983685959730954e+06
  2.9720533472375214e-03   2.1826878794319509e+06   2.1984670493852366e+06
  2.9778943833087936e-03   2.1827024680358716e+06   2.1985660239148573e+06
  2.9837354193800658e-03   2.1827171358202687e+06   2.1986655222398103e+06
  2.9895764554513362e-03   2.1827318832063703e+06   2.1987655469844905e+06
  2.9954174915226084e-03   2.1827467106112512e+06   2.1988661007510670e+06
  3.0012585275938806e-03   2.1827616184474570e+06   2.1989671861481564e+06
  3.0070995636651511e-03   2.1827766071229428e+06   2.1990688057369664e+06
  3.0129405997364233e-03   2.1827916770672062e+06   2.1991709621650809e+06
  3.0187816358076955e-03   2.1828068291259748e+06   2.1992736609340119e+06
  3.0246226718789676e-03   2.1828220632886016e+06   2.1993769017360378e+06
  3.0304637079502381e-03   2.1828373799457857e+06   2.1994806870938223e+06
  3.0363047440215103e-03   2.1828527798204105e+06   2.1995850215493562e+06
  3.0421457800927825e-03   2.1828682633885420e+06   2.1996899081140459e+06
  3.0479868161640529e-03   2.1828838306625313e+06   2.1997953467182727e+06
  3.0538278522353251e-03   2.1828994828009862e+06   2.1999013448746428e+06
  3.0596688883065973e-03   2.1829152195685972e+06   2.2000079007780431e+06
  3.0655099243778695e-03   2.1829310419687065e+06   2.2001150209652344e+06
  3.0713509604491400e-03   2.1829469499495141e+06   2.2002227049097698e+06
  3.0771919965204121e-03   2.1829629445962985e+06   2.2003309596280963e+06
  3.0830330325916843e-03   2.1829790257181772e+06   2.2004397836179975e+06
  3.0888740686629548e-03   2.1829951943101017e+06   2.2005491833139923e+06
  3.0947151047342270e-03   2.1830114506498477e+06   2.2006591603782335e+06
  3.1005561408054992e-03   2.1830277950388999e+06   2.2007697165985554e+06
  3.1063971768767696e-03   2.1830442280983902e+06   2.2008808558591348e+06
  3.1122382129480418e-03   2.1830607505826810e+06   2.2009925830285777e+06
  3.1180792490193140e-03   2.1830773626401266e+06   2.2011048988146167e+06
  3.1239202850905862e-03   2.1830940647932319e+06   2.2012178065445721e+06
  3.1297613211618567e-03   2.1831108575586593e+06   2.2013313093516449e+06
  3.1356023572331288e-03   2.1831277414470464e+06   2.2014454105185787e+06
  3.1414433933044010e-03   2.1831447169633918e+06   2.2015601130551994e+06
  3.1472844293756715e-03   2.1831617846076060e+06   2.2016754201464793e+06
  3.1531254654469437e-03   2.1831789448745814e+06   2.2017913347806698e+06
  3.1589665015182159e-03   2.1831961982535101e+06   2.2019078600565707e+06
  3.1648075375894881e-03   2.1832135452282066e+06   2.2020249988931655e+06
  3.1706485736607585e-03   2.1832309862774904e+06   2.2021427542607943e+06
  3.1764896097320307e-03   2.1832485219281232e+06   2.2022611293610116e+06
  3.1823306458033029e-03   2.1832661530050379e+06   2.2023801294579376e+06
  3.1881716818745734e-03   2.1832838796296623e+06   2.2024997551467936e+06
  3.1940127179458455e-03   2.1833017022604602e+06   2.2026200091648865e+06
  3.1998537540171177e-03   2.1833196218591630e+06   2.2027408977137320e+06
  3.2056947900883882e-03   2.1833376385892262e+06   2.2028624215346202e+06
  3.2115358261596604e-03   2.1833557530047591e+06   2.2029845840978324e+06
  3.2173768622309326e-03   2.1833739658728465e+06   2.2031073902404238e+06
  3.2232178983022048e-03   2.1833922774093077e+06   2.2032308411125690e+06
  3.2290589343734752e-03   2.1834106884109750e+06   2.2033549416913963e+06
  3.2348999704447474e-03   2.1834291993245413e+06   2.2034796947248690e+06
  3.2407410065160196e-03   2.1834478104633321e+06   2.2036051019968591e+06
  3.2465820425872901e-03   2.1834665229106075e+06   2.2037311704226835e+06
  3.2524230786585622e-03   2.1834853367923843e+06   2.2038579004907948e+06
  3.2582641147298344e-03   2.1835042526661535e+06   2.2039852957078754e+06
  3.2641051508011066e-03   2.1835232711329111e+06   2.2041133596959752e+06
  3.2699461868723771e-03   2.1835423928815234e+06   2.2042420967404554e+06
  3.2757872229436493e-03   2.1835616184607637e+06   2.2043715102247423e+06
  3.2816282590149215e-03   2.1835809483255199e+06   2.2045016028087037e+06
  3.2874692950861919e-03   2.1836003830518750e+06   2.2046323780362383e+06
  3.2933103311574641e-03   2.1836199232096085e+06   2.2047638393621426e+06
  3.2991513672287363e-03   2.1836395693627945e+06   2.2048959902405390e+06
  3.3049924033000068e-03   2.1836593221472688e+06   2.2050288345728302e+06
  3.3108334393712789e-03   2.1836791822327538e+06   2.2051623764159135e+06
  3.3166744754425511e-03   2.1836991500377380e+06   2.2052966182300504e+06
  3.3225155115138233e-03   2.1837192261020448e+06   2.2054315633082571e+06
  3.3283565475850938e-03   2.1837394109603977e+06   2.2055672148974836e+06
  3.3341975836563660e-03   2.1837597056801501e+06   2.2057035795370145e+06
  3.3400386197276382e-03   2.1837801103194500e+06   2.2058406575113549e+06
  3.3458796557989086e-03   2.1838006256589121e+06   2.2059784535055780e+06
  3.3517206918701808e-03   2.1838212524142531e+06   2.2061169719463279e+06
  3.3575617279414530e-03   2.1838419909725562e+06   2.2062562150418307e+06
  3.3634027640127252e-03   2.1838628421296258e+06   2.2063961877461388e+06
  3.3692438000839956e-03   2.1838838064488214e+06   2.2065368933236138e+06
  3.3750848361552678e-03   2.1839048843350802e+06   2.2066783342196536e+06
  3.3809258722265400e-03   2.1839260768140145e+06   2.2068205167225022e+06
  3.3867669082978105e-03   2.1839473842476588e+06   2.2069634429038884e+06
  3.3926079443690827e-03   2.1839688072198867e+06   2.2071071162792654e+06
  3.3984489804403549e-03   2.1839903463989529e+06   2.2072515408580168e+06
  3.4042900165116253e-03   2.1840120024459297e+06   2.2073967206306090e+06
  3.4101310525828975e-03   2.1840337760141967e+06   2.2075426595499553e+06
  3.4159720886541697e-03   2.1840556677499134e+06   2.2076893614490028e+06
  3.4218131247254419e-03   2.1840776782927797e+06   2.2078368301459472e+06
  3.4276541607967123e-03   2.1840998082760135e+06   2.2079850694796992e+06
  3.4334951968679845e-03   2.1841220583255263e+06   2.2081340831404286e+06
  3.4393362329392567e-03   2.1841444290603511e+06   2.2082838748127986e+06
  3.4451772690105272e-03   2.1841669210934388e+06   2.2084344481070517e+06
  3.4510183050817994e-03   2.1841895352174579e+06   2.2085858078916525e+06
  3.4568593411530716e-03   2.1842122721522120e+06   2.2087379584017191e+06
  3.4627003772243438e-03   2.1842351322517130e+06   2.2088909016090366e+06
  3.4685414132956142e-03   2.1842581165674021e+06   2.2090446439872808e+06
  3.4743824493668864e-03   2.1842812254447225e+06   2.2091991874448587e+06
  3.4802234854381586e-03   2.1843044598325272e+06   2.2093545376757234e+06
  3.4860645215094290e-03   2.1843278200489427e+06   2.2095106964218956e+06
  3.4919055575807012e-03   2.1843513073224481e+06   2.2096676712170425e+06
  3.4977465936519734e-03   2.1843749218787919e+06   2.2098254632197106e+06
  3.5035876297232439e-03   2.1843986644727071e+06   2.2099840768675394e+06
  3.5094286657945161e-03   2.1844225359250098e+06   2.2101435171245537e+06
  3.5152697018657883e-03   2.1844465369980345e+06   2.2103037884765072e+06
  3.5211107379370605e-03   2.1844706682506530e+06   2.2104648942122855e+06
  3.5269517740083309e-03   2.1844949304061499e+06   2.2106268385152491e+06
  3.5327928100796031e-03   2.1845193241794873e+06   2.2107896256978088e+06
  3.5386338461508753e-03   2.1845438502779212e+06   2.2109532598820473e+06
  3.5444748822221457e-03   2.1845685094020450e+06   2.2111177451724960e+06
  3.5503159182934179e-03   2.1845933024455681e+06   2.2112830868694847e+06
  3.5561569543646901e-03   2.1846182300094091e+06   2.2114492885005232e+06
  3.5619979904359623e-03   2.1846432927222666e+06   2.2116163536505508e+06
  3.5678390265072328e-03   2.1846684913410437e+06   2.2117842867908981e+06
  3.5736800625785050e-03   2.1846938268810632e+06   2.2119530940210754e+06
  3.5795210986497772e-03   2.1847192996265544e+06   2.2121227767899493e+06
  3.5853621347210476e-03   2.1847449108302300e+06   2.2122933425713223e+06
  3.5912031707923198e-03   2.1847706607374498e+06   2.2124647926319609e+06
  3.5970442068635920e-03   2.1847965505479481e+06   2.2126371342171659e+06
  3.6028852429348624e-03   2.1848225807538582e+06   2.2128103699757187e+06
  3.6087262790061346e-03   2.1848487520953934e+06   2.2129845042736079e+06
  3.6145673150774068e-03   2.1848750654059602e+06   2.2131595419209534e+06
  3.6204083511486790e-03   2.1849015216164710e+06   2.2133354885034105e+06
  3.6262493872199495e-03   2.1849281213188344e+06   2.2135123473193883e+06
  3.6320904232912217e-03   2.1849548653051588e+06   2.2136901229085890e+06
  3.6379314593624939e-03   2.1849817543600858e+06   2.2138688199208844e+06
  3.6437724954337643e-03   2.1850087892598896e+06   2.2140484427866433e+06
  3.6496135315050365e-03   2.1850359709199229e+06   2.2142289969150717e+06
  3.6554545675763087e-03   2.1850633000740702e+06   2.2144104864446400e+06
  3.6612956036475809e-03   2.1850907774190237e+06   2.2145929153677626e+06
  3.6671366397188513e-03   2.1851184037055504e+06   2.2147762880006949e+06
  3.6729776757901235e-03   2.1851461801321269e+06   2.2149606114173811e+06
  3.6788187118613957e-03   2.1851741070206314e+06   2.2151458872431736e+06
  3.6846597479326662e-03   2.1852021855908525e+06   2.2153321226954428e+06
  3.6905007840039384e-03   2.1852304162813169e+06   2.2155193200547709e+06
  3.6963418200752106e-03   2.1852588003360298e+06   2.2157074867896396e+06
  3.7021828561464810e-03   2.1852873382985792e+06   2.2158966257552276e+06
  3.7080238922177532e-03   2.1853160310170087e+06   2.2160867418716927e+06
  3.7138649282890254e-03   2.1853448793762582e+06   2.2162778401313936e+06
  3.7197059643602976e-03   2.1853738842522847e+06   2.2164699256970733e+06
  3.7255470004315680e-03   2.1854030465252833e+06   2.2166630034847311e+06
  3.7313880365028402e-03   2.1854323669975214e+06   2.2168570781483427e+06
  3.7372290725741124e-03   2.1854618465738101e+06   2.2170521547498531e+06
  3.7430701086453829e-03   2.1854914860722627e+06   2.2172482380341287e+06
  3.7489111447166551e-03   2.1855212863215231e+06   2.2174453326022564e+06
  3.7547521807879273e-03   2.1855512481428110e+06   2.2176434431188758e+06
  3.7605932168591994e-03   2.1855813726194347e+06   2.2178425758837960e+06
  3.7664342529304699e-03   2.1856116604801146e+06   2.2180427348679253e+06
  3.7722752890017421e-03   2.1856421126104589e+06   2.2182439251451194e+06
  3.7781163250730143e-03   2.1856727299578702e+06   2.2184461520850002e+06
  3.7839573611442847e-03   2.1857035134377680e+06   2.2186494208559059e+06
  3.7897983972155569e-03   2.1857344638057398e+06   2.2188537356304280e+06
  3.7956394332868291e-03   2.1857655820928467e+06   2.2190591023040735e+06
  3.8014804693580996e-03   2.1857968692768165e+06   2.2192655264160889e+06
  3.8073215054293718e-03   2.1858283261468145e+06   2.2194730123382034e+06
  3.8131625415006440e-03   2.1858599536390929e+06   2.2196815653307745e+06
  3.8190035775719161e-03   2.1858917526799962e+06   2.2198911906076078e+06
  3.8248446136431866e-03   2.1859237241872381e+06   2.2201018932582284e+06
  3.8306856497144588e-03   2.1859558691739636e+06   2.2203136790151596e+06
  3.8365266857857310e-03   2.1859881885976042e+06   2.2205265533088483e+06
  3.8423677218570014e-03   2.1860206832475886e+06   2.2207405203657295e+06
  3.8482087579282736e-03   2.1860533541490627e+06   2.2209555859763399e+06
  3.8540497939995458e-03   2.1860862023574342e+06   2.2211717561080623e+06
  3.8598908300708180e-03   2.1861192286652275e+06   2.2213890350357201e+06
  3.8657318661420885e-03   2.1861524341375995e+06   2.2216074287785976e+06
  3.8715729022133607e-03   2.1861858198006558e+06   2.2218269430164755e+06
  3.8774139382846328e-03   2.1862193864935725e+06   2.2220475823222138e+06
  3.8832549743559033e-03   2.1862531352434466e+06   2.2222693524492201e+06
  3.8890960104271755e-03   2.1862870670672837e+06   2.2224922590706949e+06
  3.8949370464984477e-03   2.1863211829716107e+06   2.2227163076187521e+06
  3.9007780825697181e-03   2.1863554839511509e+06   2.2229415037247320e+06
  3.9066191186409903e-03   2.1863899709896436e+06   2.2231678527439064e+06
  3.9124601547122625e-03   2.1864246450618054e+06   2.2233953600475043e+06
  3.9183011907835347e-03   2.1864595071320906e+06   2.2236240308319689e+06
  3.9241422268548052e-03   2.1864945584694888e+06   2.2238538723247922e+06
  3.9299832629260774e-03   2.1865297998118699e+06   2.2240848883368326e+06
  3.9358242989973495e-03   2.1865652323803604e+06   2.2243170856796200e+06
  3.9416653350686200e-03   2.1866008570006066e+06   2.2245504687051252e+06
  3.9475063711398922e-03   2.1866366750449142e+06   2.2247850451893453e+06
  3.9533474072111644e-03   2.1866726872937405e+06   2.2250208191886758e+06
  3.9591884432824366e-03   2.1867088948472440e+06   2.2252577967107533e+06
  3.9650294793537070e-03   2.1867452987928502e+06   2.2254959837238402e+06
  3.9708705154249792e-03   2.1867819002054916e+06   2.2257353861021115e+06
  3.9767115514962514e-03   2.1868187001493378e+06   2.2259760095743774e+06
  3.9825525875675219e-03   2.1868556996783307e+06   2.2262178598283506e+06
  3.9883936236387941e-03   2.1868928998341369e+06   2.2264609424923561e+06
  3.9942346597100662e-03   2.1869303018597537e+06   2.2267052644123528e+06
  4.0000756957813367e-03   2.1869679067208655e+06   2.2269508307170672e+06
  4.0059167318526089e-03   2.1870057155111702e+06   2.2271976472916775e+06
  4.0117577679238811e-03   2.1870437293874770e+06   2.2274457204340631e+06
  4.0175988039951533e-03   2.1870819494870049e+06   2.2276950561910300e+06
  4.0234398400664237e-03   2.1871203768210839e+06   2.2279456600303794e+06
  4.0292808761376959e-03   2.1871590125625087e+06   2.2281975382036967e+06
  4.0351219122089681e-03   2.1871978578701359e+06   2.2284506969265859e+06
  4.0409629482802386e-03   2.1872369138905816e+06   2.2287051424764162e+06
  4.0468039843515108e-03   2.1872761817600192e+06   2.2289608807633258e+06
  4.0526450204227829e-03   2.1873156626015543e+06   2.2292179178600875e+06
  4.0584860564940551e-03   2.1873553575254371e+06   2.2294762595827826e+06
  4.0643270925653256e-03   2.1873952677065181e+06   2.2297359122607578e+06
  4.0701681286365978e-03   2.1874353944558520e+06   2.2299968829341801e+06
  4.0760091647078700e-03   2.1874757387126177e+06   2.2302591764094238e+06
  4.0818502007791404e-03   2.1875163018636480e+06   2.2305228001528196e+06
  4.0876912368504126e-03   2.1875570850042501e+06   2.2307877599354563e+06
  4.0935322729216848e-03   2.1875980892913886e+06   2.2310540618802612e+06
  4.0993733089929553e-03   2.1876393159603272e+06   2.2313217124924227e+06
  4.1052143450642275e-03   2.1876807662328589e+06   2.2315907182081421e+06
  4.1110553811354996e-03   2.1877224413197362e+06   2.2318610854159873e+06
  4.1168964172067718e-03   2.1877643424180807e+06   2.2321328203892531e+06
  4.1227374532780423e-03   2.1878064707111837e+06   2.2324059292874089e+06
  4.1285784893493145e-03   2.1878488275233931e+06   2.2326804191686446e+06
  4.1344195254205867e-03   2.1878914140639193e+06   2.2329562962725176e+06
  4.1402605614918571e-03   2.1879342315250761e+06   2.2332335667766538e+06
  4.1461015975631293e-03   2.1879772811731254e+06   2.2335122373994882e+06
  4.1519426336344015e-03   2.1880205643716524e+06   2.2337923151838384e+06
  4.1577836697056737e-03   2.1880640822600275e+06   2.2340738060814338e+06
  4.1636247057769442e-03   2.1881078361412790e+06   2.2343567167900968e+06
  4.1694657418482163e-03   2.1881518273041365e+06   2.2346410540510239e+06
  4.1753067779194885e-03   2.1881960570257879e+06   2.2349268244419661e+06
  4.1811478139907590e-03   2.1882405265691150e+06   2.2352140345085287e+06
  4.1869888500620312e-03   2.1882852373410324e+06   2.2355026915420718e+06
  4.1928298861333034e-03   2.1883301905710646e+06   2.2357928018165510e+06
  4.1986709222045756e-03   2.1883753875374813e+06   2.2360843718849262e+06
  4.2045119582758460e-03   2.1884208296212377e+06   2.2363774089309629e+06
  4.2103529943471182e-03   2.1884665181745794e+06   2.2366719198721051e+06
  4.2161940304183904e-03   2.1885124544512318e+06   2.2369679110490396e+06
  4.2220350664896608e-03   2.1885586398288929e+06   2.2372653895575833e+06
  4.2278761025609330e-03   2.1886050756689007e+06   2.2375643623323711e+06
  4.2337171386322052e-03   2.1886517633181214e+06   2.2378648362571485e+06
  4.2395581747034757e-03   2.1886987041114569e+06   2.2381668180804676e+06
  4.2453992107747479e-03   2.1887458994598803e+06   2.2384703149751341e+06
  4.2512402468460201e-03   2.1887933507930133e+06   2.2387753342973734e+06
  4.2570812829172923e-03   2.1888410593558406e+06   2.2390818821819238e+06
  4.2629223189885627e-03   2.1888890266691786e+06   2.2393899664197299e+06
  4.2687633550598349e-03   2.1889372541127764e+06   2.2396995939958049e+06
  4.2746043911311071e-03   2.1889857430415889e+06   2.2400107716546599e+06
  4.2804454272023775e-03   2.1890344948992883e+06   2.2403235066488194e+06
  4.2862864632736497e-03   2.1890835111134509e+06   2.2406378061894178e+06
  4.2921274993449219e-03   2.1891327930948748e+06   2.2409536773359049e+06
  4.2979685354161941e-03   2.1891823422814202e+06   2.2412711272883113e+06
  4.3038095714874646e-03   2.1892321602459014e+06   2.2415901639603535e+06
  4.3096506075587368e-03   2.1892822482033414e+06   2.2419107932217824e+06
  4.3154916436300090e-03   2.1893326078955238e+06   2.2422330240546144e+06
  4.3213326797012794e-03   2.1893832405888741e+06   2.2425568624589234e+06
  4.3271737157725516e-03   2.1894341478069709e+06   2.2428823160818713e+06
  4.3330147518438238e-03   2.1894853310644748e+06   2.2432093925051112e+06
  4.3388557879150942e-03   2.1895367918604738e+06   2.2435380990501791e+06
  4.3446968239863664e-03   2.1895885316804647e+06   2.2438684430613364e+06
  4.3505378600576386e-03   2.1896405519924629e+06   2.2442004317718828e+06
  4.3563788961289108e-03   2.1896928544285111e+06   2.2445340732568097e+06
  4.3622199322001813e-03   2.1897454403997292e+06   2.2448693743584305e+06
  4.3680609682714535e-03   2.1897983115516403e+06   2.2452063432512600e+06
  4.3739020043427257e-03   2.1898514693192821e+06   2.2455449868278070e+06
  4.3797430404139961e-03   2.1899049153012582e+06   2.2458853129648310e+06
  4.3855840764852683e-03   2.1899586510815891e+06   2.2462273294019876e+06
  4.3914251125565405e-03   2.1900126782256975e+06   2.2465710436685611e+06
  4.3972661486278127e-03   2.1900669982809946e+06   2.2469164633601210e+06
  4.4031071846990831e-03   2.1901216127812020e+06   2.2472635957962857e+06
  4.4089482207703553e-03   2.1901765235133772e+06   2.2476124498174433e+06
  4.4147892568416275e-03   2.1902317318399963e+06   2.2479630317938174e+06
  4.4206302929128980e-03   2.1902872395634698e+06   2.2483153505531196e+06
  4.4264713289841702e-03   2.1903430482261488e+06   2.2486694134715935e+06
  4.4323123650554424e-03   2.1903991594435619e+06   2.2490252282769717e+06
  4.4381534011267128e-03   2.1904555748561192e+06   2.2493828028371376e+06
  4.4439944371979850e-03   2.1905122960896017e+06   2.2497421448987639e+06
  4.4498354732692572e-03   2.1905693249502899e+06   2.2501032632371918e+06
  4.4556765093405294e-03   2.1906266629019948e+06   2.2504661646000817e+06
  4.4615175454117998e-03   2.1906843117602114e+06   2.2508308578168689e+06
  4.4673585814830720e-03   2.1907422730971263e+06   2.2511973502061651e+06
  4.4731996175543442e-03   2.1908005486613000e+06   2.2515656500740708e+06
  4.4790406536256147e-03   2.1908591401812392e+06   2.2519357656977680e+06
  4.4848816896968869e-03   2.1909180493701156e+06   2.2523077051185775e+06
  4.4907227257681591e-03   2.1909772779226447e+06   2.2526814762621950e+06
  4.4965637618394312e-03   2.1910368275133376e+06   2.2530570869467282e+06
  4.5024047979107017e-03   2.1910966999601559e+06   2.2534345458640647e+06
  4.5082458339819739e-03   2.1911568969304860e+06   2.2538138606443428e+06
  4.5140868700532461e-03   2.1912174203134310e+06   2.2541950402694452e+06
  4.5199279061245165e-03   2.1912782717621587e+06   2.2545780923425662e+06
  4.5257689421957887e-03   2.1913394530738587e+06   2.2549630251997630e+06
  4.5316099782670609e-03   2.1914009660255783e+06   2.2553498471798580e+06
  4.5374510143383314e-03   2.1914628124606800e+06   2.2557385667726793e+06
  4.5432920504096036e-03   2.1915249941768292e+06   2.2561291923153740e+06
  4.5491330864808758e-03   2.1915875129261203e+06   2.2565217318369378e+06
  4.5549741225521479e-03   2.1916503705682419e+06   2.2569161939408104e+06
  4.5608151586234184e-03   2.1917135689948704e+06   2.2573125873285243e+06
  4.5666561946946906e-03   2.1917771099753319e+06   2.2577109200943885e+06
  4.5724972307659628e-03   2.1918409953636131e+06   2.2581112006831388e+06
  4.5783382668372332e-03   2.1919052271054010e+06   2.2585134380856864e+06
  4.5841793029085054e-03   2.1919698070015637e+06   2.2589176404055003e+06
  4.5900203389797776e-03   2.1920347369283866e+06   2.2593238161701318e+06
  4.5958613750510498e-03   2.1921000187943764e+06   2.2597319740458173e+06
  4.6017024111223203e-03   2.1921656545665702e+06   2.2601421230244683e+06
  4.6075434471935925e-03   2.1922316460857792e+06   2.2605542712766319e+06
  4.6133844832648646e-03   2.1922979952775538e+06   2.2609684275447009e+06
  4.6192255193361351e-03   2.1923647041482939e+06   2.2613846009061015e+06
  4.6250665554074073e-03   2.1924317745897667e+06   2.2618027997910962e+06
  4.6309075914786795e-03   2.1924992085414892e+06   2.2622230328113451e+06
  4.6367486275499499e-03   2.1925670079736481e+06   2.2626453088778593e+06
  4.6425896636212221e-03   2.1926351749434061e+06   2.2630696371439220e+06
  4.6484306996924943e-03   2.1927037113564000e+06   2.2634960260205548e+06
  4.6542717357637665e-03   2.1927726192305810e+06   2.2639244844967113e+06
  4.6601127718350370e-03   2.1928419006394288e+06   2.2643550217996868e+06
  4.6659538079063092e-03   2.1929115574773573e+06   2.2647876461469126e+06
  4.6717948439775813e-03   2.1929815919103366e+06   2.2652223672494940e+06
  4.6776358800488518e-03   2.1930520058761993e+06   2.2656591935002021e+06
  4.6834769161201240e-03   2.1931228014754239e+06   2.2660981341607831e+06
  4.6893179521913962e-03   2.1931939807850001e+06   2.2665391983539145e+06
  4.6951589882626684e-03   2.1932655458568400e+06   2.2669823949513915e+06
  4.7010000243339388e-03   2.1933374987369403e+06   2.2674277328785229e+06
  4.7068410604052110e-03   2.1934098416697215e+06   2.2678752219997211e+06
  4.7126820964764832e-03   2.1934825766174365e+06   2.2683248706529569e+06
  4.7185231325477537e-03   2.1935557057449515e+06   2.2687766883024625e+06
  4.7243641686190259e-03   2.1936292312104506e+06   2.2692306842354722e+06
  4.7302052046902980e-03   2.1937031551460829e+06   2.2696868676492805e+06
  4.7360462407615685e-03   2.1937774796598549e+06   2.2701452475060360e+06
  4.7418872768328407e-03   2.1938522070207382e+06   2.2706058336093035e+06
  4.7477283129041129e-03   2.1939273392916247e+06   2.2710686347076772e+06
  4.7535693489753851e-03   2.1940028787303069e+06   2.2715336604211666e+06
  4.7594103850466555e-03   2.1940788275493323e+06   2.2720009202623107e+06
  4.7652514211179277e-03   2.1941551879762742e+06   2.2724704235896519e+06
  4.7710924571891999e-03   2.1942319621863551e+06   2.2729421796297729e+06
  4.7769334932604704e-03   2.1943091523933010e+06   2.2734161976112099e+06
  4.7827745293317426e-03   2.1943867609255137e+06   2.2738924874593508e+06
  4.7886155654030147e-03   2.1944647900195578e+06   2.2743710585684995e+06
  4.7944566014742869e-03   2.1945432419213243e+06   2.2748519202543260e+06
  4.8002976375455574e-03   2.1946221189109040e+06   2.2753350820585405e+06
  4.8061386736168296e-03   2.1947014233930847e+06   2.2758205540889064e+06
  4.8119797096881018e-03   2.1947811575208274e+06   2.2763083451783177e+06
  4.8178207457593722e-03   2.1948613237679671e+06   2.2767984656692469e+06
  4.8236617818306444e-03   2.1949419243766037e+06   2.2772909247320285e+06
  4.8295028179019166e-03   2.1950229617110398e+06   2.2777857321490063e+06
  4.8353438539731871e-03   2.1951044381144126e+06   2.2782828975345516e+06
  4.8411848900444593e-03   2.1951863560697236e+06   2.2787824312383016e+06
  4.8470259261157314e-03   2.1952687178056110e+06   2.2792843421348874e+06
  4.8528669621870036e-03   2.1953515258588078e+06   2.2797886407305696e+06
  4.8587079982582741e-03   2.1954347825735719e+06   2.2802953364863293e+06
  4.8645490343295463e-03   2.1955184903671043e+06   2.2808044392037177e+06
  4.8703900704008185e-03   2.1956026517643663e+06   2.2813159591788161e+06
  4.8762311064720889e-03   2.1956872690850995e+06   2.2818299056967688e+06
  4.8820721425433611e-03   2.1957723449256485e+06   2.2823462892822679e+06
  4.8879131786146333e-03   2.1958578816773132e+06   2.2828651194421914e+06
  4.8937542146859055e-03   2.1959438818539679e+06   2.2833864062577621e+06
  4.8995952507571760e-03   2.1960303479413260e+06   2.2839101596404668e+06
  4.9054362868284481e-03   2.1961172825509878e+06   2.2844363901175163e+06
  4.9112773228997203e-03   2.1962046880844594e+06   2.2849651070243237e+06
  4.9171183589709908e-03   2.1962925671816748e+06   2.2854963209367488e+06
  4.9229593950422630e-03   2.1963809223705148e+06   2.2860300418024315e+06
  4.9288004311135352e-03   2.1964697562703234e+06   2.2865662800108222e+06
  4.9346414671848056e-03   2.1965590714046005e+06   2.2871050453064716e+06
  4.9404825032560778e-03   2.1966488703916403e+06   2.2876463480431279e+06
  4.9463235393273500e-03   2.1967391558374246e+06   2.2881901983418814e+06
  4.9521645753986222e-03   2.1968299304115004e+06   2.2887366066007693e+06
  4.9580056114698927e-03   2.1969211967504332e+06   2.2892855830986300e+06
  4.9638466475411648e-03   2.1970129574624011e+06   2.2898371378796850e+06
  4.9696876836124370e-03   2.1971052152909781e+06   2.2903912815658255e+06
  4.9755287196837075e-03   2.1971979728630465e+06   2.2909480241685393e+06
  4.9813697557549797e-03   2.1972912329136701e+06   2.2915073762985519e+06
  4.9872107918262519e-03   2.1973849981558654e+06   2.2920693482457628e+06
  4.9930518278975241e-03   2.1974792712713340e+06   2.2926339502039813e+06
  4.9988928639687945e-03   2.1975740551214213e+06   2.2932011932244916e+06
  5.0047339000400667e-03   2.1976693523603515e+06   2.2937710872088578e+06
  5.0105749361113389e-03   2.1977651657962478e+06   2.2943436427725009e+06
  5.0164159721826094e-03   2.1978614982027975e+06   2.2949188703858745e+06
  5.0222570082538815e-03   2.1979583524224600e+06   2.2954967807858144e+06
  5.0280980443251537e-03   2.1980557312224563e+06   2.2960773842604277e+06
  5.0339390803964242e-03   2.1981536375097446e+06   2.2966606916989451e+06
  5.0397801164676964e-03   2.1982520740643512e+06   2.2972467133993371e+06
  5.0456211525389686e-03   2.1983510438338276e+06   2.2978354603748666e+06
  5.0514621886102408e-03   2.1984505495989495e+06   2.2984269428418078e+06
  5.0573032246815112e-03   2.1985505943385321e+06   2.2990211718204189e+06
  5.0631442607527834e-03   2.1986511809162260e+06   2.2996181577895400e+06
  5.0689852968240556e-03   2.1987523122614603e+06   2.3002179115320626e+06
  5.0748263328953261e-03   2.1988539913469004e+06   2.3008204438640396e+06
  5.0806673689665982e-03   2.1989562211064012e+06   2.3014257654703520e+06
  5.0865084050378704e-03   2.1990590045495038e+06   2.3020338873280128e+06
  5.0923494411091426e-03   2.1991623446214176e+06   2.3026448200620962e+06
  5.0981904771804131e-03   2.1992662443592693e+06   2.3032585745579097e+06
  5.1040315132516853e-03   2.1993707067994713e+06   2.3038751618345645e+06
  5.1098725493229575e-03   2.1994757349499571e+06   2.3044945926085557e+06
  5.1157135853942279e-03   2.1995813318769294e+06   2.3051168778175726e+06
  5.1215546214655001e-03   2.1996875006529181e+06   2.3057420284380792e+06
  5.1273956575367723e-03   2.1997942443559677e+06   2.3063700553005068e+06
  5.1332366936080428e-03   2.1999015661284453e+06   2.3070009696784313e+06
  5.1390777296793149e-03   2.2000094690740514e+06   2.3076347824009191e+06
  5.1449187657505871e-03   2.2001179563038354e+06   2.3082715043471018e+06
  5.1507598018218593e-03   2.2002270310346433e+06   2.3089111469332809e+06
  5.1566008378931298e-03   2.2003366963647963e+06   2.3095537207968263e+06
  5.1624418739644020e-03   2.2004469555570381e+06   2.3101992374426983e+06
  5.1682829100356742e-03   2.2005578117606309e+06   2.3108477076391377e+06
  5.1741239461069446e-03   2.2006692682556091e+06   2.3114991428047875e+06
  5.1799649821782168e-03   2.2007813282223204e+06   2.3121535538494149e+06
  5.1858060182494890e-03   2.2008939949756544e+06   2.3128109521915228e+06
  5.1916470543207612e-03   2.2010072717511370e+06   2.3134713488535807e+06
  5.1974880903920316e-03   2.2011211618517437e+06   2.3141347550390442e+06
  5.2033291264633038e-03   2.2012356686263164e+06   2.3148011822462729e+06
  5.2091701625345760e-03   2.2013507953659054e+06   2.3154706414830494e+06
  5.2150111986058465e-03   2.2014665454201922e+06   2.3161431440713396e+06
  5.2208522346771187e-03   2.2015829221422533e+06   2.3168187012813156e+06
  5.2266932707483909e-03   2.2016999289849349e+06   2.3174973247425128e+06
  5.2325343068196613e-03   2.2018175692720246e+06   2.3181790254290830e+06
  5.2383753428909335e-03   2.2019358464621650e+06   2.3188638148958585e+06
  5.2442163789622057e-03   2.2020547639778471e+06   2.3195517044455749e+06
  5.2500574150334779e-03   2.2021743252947563e+06   2.3202427056102105e+06
  5.2558984511047483e-03   2.2022945338645345e+06   2.3209368296481255e+06
  5.2617394871760205e-03   2.2024153932134830e+06   2.3216340881846091e+06
  5.2675805232472927e-03   2.2025369068234018e+06   2.3223344925469290e+06
  5.2734215593185632e-03   2.2026590782463360e+06   2.3230380542972395e+06
  5.2792625953898354e-03   2.2027819110206319e+06   2.3237447848874261e+06
  5.2851036314611076e-03   2.2029054087293171e+06   2.3244546959069553e+06
  5.2909446675323797e-03   2.2030295749262669e+06   2.3251677987490194e+06
  5.2967857036036502e-03   2.2031544132916317e+06   2.3258841052783127e+06
  5.3026267396749224e-03   2.2032799273871095e+06   2.3266036268044692e+06
  5.3084677757461946e-03   2.2034061208657250e+06   2.3273263749090182e+06
  5.3143088118174650e-03   2.2035329974449533e+06   2.3280523614535448e+06
  5.3201498478887372e-03   2.2036605607481226e+06   2.3287815978149991e+06
  5.3259908839600094e-03   2.2037888145256443e+06   2.3295140958294156e+06
  5.3318319200312799e-03   2.2039177624888108e+06   2.3302498670744835e+06
  5.3376729561025521e-03   2.2040474083733652e+06   2.3309889232339631e+06
  5.3435139921738243e-03   2.2041777559537287e+06   2.3317312760207052e+06
  5.3493550282450964e-03   2.2043088090357431e+06   2.3324769372767443e+06
  5.3551960643163669e-03   2.2044405713775130e+06   2.3332259185059685e+06
  5.3610371003876391e-03   2.2045730468702274e+06   2.3339782317564725e+06
  5.3668781364589113e-03   2.2047062393127335e+06   2.3347338885228089e+06
  5.3727191725301817e-03   2.2048401525688432e+06   2.3354929006947489e+06
  5.3785602086014539e-03   2.2049747905870862e+06   2.3362552802835302e+06
  5.3844012446727261e-03   2.2051101572228405e+06   2.3370210388546111e+06
  5.3902422807439983e-03   2.2052462564037512e+06   2.3377901882450166e+06
  5.3960833168152688e-03   2.2053830921219960e+06   2.3385627404940953e+06
  5.4019243528865410e-03   2.2055206683088127e+06   2.3393387072675829e+06
  5.4077653889578131e-03   2.2056589889935483e+06   2.3401181006375225e+06
  5.4136064250290836e-03   2.2057980581758418e+06   2.3409009324473254e+06
  5.4194474611003558e-03   2.2059378798900358e+06   2.3416872145091947e+06
  5.4252884971716280e-03   2.2060784581947983e+06   2.3424769588846639e+06
  5.4311295332428984e-03   2.2062197971763900e+06   2.3432701774575128e+06
  5.4369705693141706e-03   2.2063619009336676e+06   2.3440668821856133e+06
  5.4428116053854428e-03   2.2065047735870769e+06   2.3448670850638049e+06
  5.4486526414567150e-03   2.2066484193074005e+06   2.3456707981372927e+06
  5.4544936775279855e-03   2.2067928422137164e+06   2.3464780332311522e+06
  5.4603347135992577e-03   2.2069380465591550e+06   2.3472888026041780e+06
  5.4661757496705298e-03   2.2070840365036884e+06   2.3481031180840577e+06
  5.4720167857418003e-03   2.2072308163417447e+06   2.3489209919051714e+06
  5.4778578218130725e-03   2.2073783902626517e+06   2.3497424359253920e+06
  5.4836988578843447e-03   2.2075267625996172e+06   2.3505674623620617e+06
  5.4895398939556169e-03   2.2076759376297761e+06   2.3513960831699837e+06
  5.4953809300268873e-03   2.2078259196979594e+06   2.3522283106197771e+06
  5.5012219660981595e-03   2.2079767131439950e+06   2.3530641566264788e+06
  5.5070630021694317e-03   2.2081283223212082e+06   2.3539036333374162e+06
  5.5129040382407022e-03   2.2082807516915961e+06   2.3547467531247055e+06
  5.5187450743119744e-03   2.2084340056178668e+06   2.3555935278647221e+06
  5.5245861103832465e-03   2.2085880885515721e+06   2.3564439697686061e+06
  5.5304271464545170e-03   2.2087430049864543e+06   2.3572980911066309e+06
  5.5362681825257892e-03   2.2088987593960240e+06   2.3581559039628417e+06
  5.5421092185970614e-03   2.2090553563072151e+06   2.3590174205654580e+06
  5.5479502546683336e-03   2.2092128002330195e+06   2.3598826530080931e+06
  5.5537912907396040e-03   2.2093710957740741e+06   2.3607516136686956e+06
  5.5596323268108762e-03   2.2095302475278447e+06   2.3616243147748066e+06
  5.5654733628821484e-03   2.2096902600501194e+06   2.3625007683802070e+06
  5.5713143989534189e-03   2.2098511380347754e+06   2.3633809868335505e+06
  5.5771554350246911e-03   2.2100128861213960e+06   2.3642649823777801e+06
  5.5829964710959632e-03   2.2101755089983875e+06   2.3651527672590548e+06
  5.5888375071672354e-03   2.2103390113832033e+06   2.3660443537130393e+06
  5.5946785432385059e-03   2.2105033979837974e+06   2.3669397539614839e+06
  5.6005195793097781e-03   2.2106686736350609e+06   2.3678389805721040e+06
  5.6063606153810503e-03   2.2108348430556953e+06   2.3687420454787035e+06
  5.6122016514523207e-03   2.2110019111224390e+06   2.3696489613263472e+06
  5.6180426875235929e-03   2.2111698826227528e+06   2.3705597401441839e+06
  5.6238837235948651e-03   2.2113387624398018e+06   2.3714743943587122e+06
  5.6297247596661356e-03   2.2115085554651455e+06   2.3723929362563416e+06
  5.6355657957374078e-03   2.2116792666272423e+06   2.3733153782228576e+06
  5.6414068318086799e-03   2.2118509008679572e+06   2.3742417326146150e+06
  5.6472478678799521e-03   2.2120234631451676e+06   2.3751720116862087e+06
  5.6530889039512226e-03   2.2121969584768880e+06   2.3761062278929478e+06
  5.6589299400224948e-03   2.2123713918625149e+06   2.3770443934685378e+06
  5.6647709760937670e-03   2.2125467683843737e+06   2.3779865209462475e+06
  5.6706120121650374e-03   2.2127230930913272e+06   2.3789326225426430e+06
  5.6764530482363096e-03   2.2129003711128477e+06   2.3798827107478329e+06
  5.6822940843075818e-03   2.2130786075645941e+06   2.3808367978245341e+06
  5.6881351203788540e-03   2.2132578076135488e+06   2.3817948962561884e+06
  5.6939761564501245e-03   2.2134379764435631e+06   2.3827570184050682e+06
  5.6998171925213966e-03   2.2136191192767923e+06   2.3837231766977264e+06
  5.7056582285926688e-03   2.2138012413287428e+06   2.3846933833899829e+06
  5.7114992646639393e-03   2.2139843479204406e+06   2.3856676511036968e+06
  5.7173403007352115e-03   2.2141684443162484e+06   2.3866459921237291e+06
  5.7231813368064837e-03   2.2143535358583275e+06   2.3876284189258465e+06
  5.7290223728777541e-03   2.2145396278855843e+06   2.3886149438251099e+06
  5.7348634089490263e-03   2.2147267258027550e+06   2.3896055793455415e+06
  5.7407044450202985e-03   2.2149148349945731e+06   2.3906003377781142e+06
  5.7465454810915707e-03   2.2151039609442591e+06   2.3915992317486582e+06
  5.7523865171628412e-03   2.2152941090703765e+06   2.3926022733979323e+06
  5.7582275532341133e-03   2.2154852849207977e+06   2.3936094754516180e+06
  5.7640685893053855e-03   2.2156774940235624e+06   2.3946208502526982e+06
  5.7699096253766560e-03   2.2158707419018592e+06   2.3956364101238805e+06
  5.7757506614479282e-03   2.2160650341588347e+06   2.3966561675425321e+06
  5.7815916975192004e-03   2.2162603764253450e+06   2.3976801349877799e+06
  5.7874327335904726e-03   2.2164567743374193e+06   2.3987083248945484e+06
  5.7932737696617430e-03   2.2166542335555716e+06   2.3997407495950446e+06
  5.7991148057330152e-03   2.2168527598376703e+06   2.4007774216656182e+06
  5.8049558418042874e-03   2.2170523589015566e+06   2.4018183535400960e+06
  5.8107968778755579e-03   2.2172530364893205e+06   2.4028635575571097e+06
  5.8166379139468300e-03   2.2174547984439256e+06   2.4039130461979271e+06
  5.8224789500181022e-03   2.2176576505420944e+06   2.4049668318176894e+06
  5.8283199860893727e-03   2.2178615987065914e+06   2.4060249270244259e+06
  5.8341610221606449e-03   2.2180666488123573e+06   2.4070873441687860e+06
  5.8400020582319171e-03   2.2182728067581006e+06   2.4081540956369094e+06
  5.8458430943031893e-03   2.2184800785098146e+06   2.4092251938156323e+06
  5.8516841303744597e-03   2.2186884700806858e+06   2.4103006512917667e+06
  5.8575251664457319e-03   2.2188979874498867e+06   2.4113804803345772e+06
  5.8633662025170041e-03   2.2191086367287631e+06   2.4124646935151014e+06
  5.8692072385882746e-03   2.2193204239358273e+06   2.4135533031063676e+06
  5.8750482746595467e-03   2.2195333552387892e+06   2.4146463216638728e+06
  5.8808893107308189e-03   2.2197474367562444e+06   2.4157437614928712e+06
  5.8867303468020911e-03   2.2199626746561201e+06   2.4168456349599506e+06
  5.8925713828733616e-03   2.2201790752001214e+06   2.4179519546170300e+06
  5.8984124189446338e-03   2.2203966446255427e+06   2.4190627328964127e+06
  5.9042534550159060e-03   2.2206153891785913e+06   2.4201779819853622e+06
  5.9100944910871764e-03   2.2208353152058162e+06   2.4212977144056866e+06
  5.9159355271584486e-03   2.2210564290354024e+06   2.4224219425415606e+06
  5.9217765632297208e-03   2.2212787370577455e+06   2.4235506787194153e+06
  5.9276175993009913e-03   2.2215022456958643e+06   2.4246839353852877e+06
  5.9334586353722634e-03   2.2217269613809534e+06   2.4258217248583310e+06
  5.9392996714435356e-03   2.2219528906160584e+06   2.4269640595533461e+06
  5.9451407075148078e-03   2.2221800399096250e+06   2.4281109517742335e+06
  5.9509817435860783e-03   2.2224084158037272e+06   2.4292624138833103e+06
  5.9568227796573505e-03   2.2226380249185967e+06   2.4304184582818132e+06
  5.9626638157286227e-03   2.2228688738369271e+06   2.4315790972316884e+06
  5.9685048517998931e-03   2.2231009692414906e+06   2.4327443430695427e+06
  5.9743458878711653e-03   2.2233343178458428e+06   2.4339142082591178e+06
  5.9801869239424375e-03   2.2235689263286884e+06   2.4350887049319204e+06
  5.9860279600137097e-03   2.2238048014831669e+06   2.4362678454404878e+06
  5.9918689960849801e-03   2.2240419501090022e+06   2.4374516421607514e+06
  5.9977100321562523e-03   2.2242803790297802e+06   2.4386401072739162e+06
  6.0035510682275245e-03   2.2245200951360571e+06   2.4398332531408300e+06
  6.0093921042987950e-03   2.2247611053363523e+06   2.4410310920378468e+06
  6.0152331403700672e-03   2.2250034165607789e+06   2.4422336361285048e+06
  6.0210741764413394e-03   2.2252470357938409e+06   2.4434408977504671e+06
  6.0269152125126098e-03   2.2254919700671919e+06   2.4446528891363526e+06
  6.0327562485838820e-03   2.2257382264315607e+06   2.4458696224978003e+06
  6.0385972846551542e-03   2.2259858119737324e+06   2.4470911100570378e+06
  6.0444383207264264e-03   2.2262347338539776e+06   2.4483173640525923e+06
  6.0502793567976968e-03   2.2264849992086235e+06   2.4495483966149762e+06
  6.0561203928689690e-03   2.2267366152600334e+06   2.4507842200099020e+06
  6.0619614289402412e-03   2.2269895892492314e+06   2.4520248463492561e+06
  6.0678024650115117e-03   2.2272439284691052e+06   2.4532702878261562e+06
  6.0736435010827839e-03   2.2274996402247711e+06   2.4545205565820960e+06
  6.0794845371540561e-03   2.2277567319049556e+06   2.4557756647755369e+06
  6.0853255732253283e-03   2.2280152108739708e+06   2.4570356244515814e+06
  6.0911666092965987e-03   2.2282750846098862e+06   2.4583004478533873e+06
  6.0970076453678709e-03   2.2285363605763898e+06   2.4595701470213020e+06
  6.1028486814391431e-03   2.2287990462791733e+06   2.4608447339972951e+06
  6.1086897175104135e-03   2.2290631492960048e+06   2.4621242209153455e+06
  6.1145307535816857e-03   2.2293286772107994e+06   2.4634086197587275e+06
  6.1203717896529579e-03   2.2295956376770372e+06   2.4646979426556355e+06
  6.1262128257242284e-03   2.2298640383628849e+06   2.4659922015719404e+06
  6.1320538617955006e-03   2.2301338869858496e+06   2.4672914085533409e+06
  6.1378948978667728e-03   2.2304051913100909e+06   2.4685955755767557e+06
  6.1437359339380450e-03   2.2306779591464549e+06   2.4699047146332194e+06
  6.1495769700093154e-03   2.2309521983117438e+06   2.4712188376318663e+06
  6.1554180060805876e-03   2.2312279167259997e+06   2.4725379566454804e+06
  6.1612590421518598e-03   2.2315051222933875e+06   2.4738620835662982e+06
  6.1671000782231302e-03   2.2317838229754507e+06   2.4751912302028858e+06
  6.1729411142944024e-03   2.2320640268115704e+06   2.4765254086476378e+06
  6.1787821503656746e-03   2.2323457418031497e+06   2.4778646305930419e+06
  6.1846231864369468e-03   2.2326289761022246e+06   2.4792089080136605e+06
  6.1904642225082173e-03   2.2329137378212395e+06   2.4805582527727922e+06
  6.1963052585794895e-03   2.2332000351274600e+06   2.4819126766411867e+06
  6.2021462946507617e-03   2.2334878762593311e+06   2.4832721914197844e+06
  6.2079873307220321e-03   2.2337772694780431e+06   2.4846368089733943e+06
  6.2138283667933043e-03   2.2340682231003265e+06   2.4860065410187221e+06
  6.2196694028645765e-03   2.2343607454646546e+06   2.4873813993194378e+06
  6.2255104389358487e-03   2.2346548449861817e+06   2.4887613956590625e+06
  6.2313514750071191e-03   2.2349505301226224e+06   2.4901465417420533e+06
  6.2371925110783913e-03   2.2352478093164493e+06   2.4915368491981160e+06
  6.2430335471496635e-03   2.2355466911348575e+06   2.4929323297989112e+06
  6.2488745832209340e-03   2.2358471841610605e+06   2.4943329952061446e+06
  6.2547156192922062e-03   2.2361492969783768e+06   2.4957388569522472e+06
  6.2605566553634783e-03   2.2364530382946245e+06   2.4971499267356307e+06
  6.2663976914347488e-03   2.2367584167796136e+06   2.4985662160975463e+06
  6.2722387275060210e-03   2.2370654412396452e+06   2.4999877366958163e+06
  6.2780797635772932e-03   2.2373741204640302e+06   2.5014145000716927e+06
  6.2839207996485654e-03   2.2376844632814815e+06   2.5028465176637829e+06
  6.2897618357198358e-03   2.2379964786218409e+06   2.5042838010648745e+06
  6.2956028717911080e-03   2.2383101754154130e+06   2.5057263617796167e+06
  6.3014439078623802e-03   2.2386255626423107e+06   2.5071742111734143e+06
  6.3072849439336507e-03   2.2389426493736180e+06   2.5086273607980600e+06
  6.3131259800049229e-03   2.2392614446730893e+06   2.5100858220766718e+06
  6.3189670160761950e-03   2.2395819576810407e+06   2.5115496063245260e+06
  6.3248080521474672e-03   2.2399041975754523e+06   2.5130187249229248e+06
  6.3306490882187377e-03   2.2402281735859876e+06   2.5144931892638397e+06
  6.3364901242900099e-03   2.2405538950161142e+06   2.5159730107117170e+06
  6.3423311603612821e-03   2.2408813711577901e+06   2.5174582004682487e+06
  6.3481721964325525e-03   2.2412106114203744e+06   2.5189487698839465e+06
  6.3540132325038247e-03   2.2415416252027955e+06   2.5204447302003996e+06
  6.3598542685750969e-03   2.2418744220072171e+06   2.5219460926321894e+06
  6.3656953046463674e-03   2.2422090113619887e+06   2.5234528684658566e+06
  6.3715363407176396e-03   2.2425454028041521e+06   2.5249650687122801e+06
  6.3773773767889117e-03   2.2428836060031103e+06   2.5264827046567802e+06
  6.3832184128601839e-03   2.2432236306125177e+06   2.5280057874098285e+06
  6.3890594489314544e-03   2.2435654863595529e+06   2.5295343280262747e+06
  6.3949004850027266e-03   2.2439091830369420e+06   2.5310683376602135e+06
  6.4007415210739988e-03   2.2442547304634387e+06   2.5326078272762783e+06
  6.4065825571452692e-03   2.2446021385228550e+06   2.5341528079448491e+06
  6.4124235932165414e-03   2.2449514171526260e+06   2.5357032906560157e+06
  6.4182646292878136e-03   2.2453025763297989e+06   2.5372592863760623e+06
  6.4241056653590858e-03   2.2456556261065910e+06   2.5388208060437860e+06
  6.4299467014303563e-03   2.2460105765471668e+06   2.5403878605911513e+06
  6.4357877375016284e-03   2.2463674378301650e+06   2.5419604608808812e+06
  6.4416287735729006e-03   2.2467262201170912e+06   2.5435386177941617e+06
  6.4474698096441711e-03   2.2470869336905987e+06   2.5451223422069186e+06
  6.4533108457154433e-03   2.2474495888295304e+06   2.5467116448106733e+06
  6.4591518817867155e-03   2.2478141958911172e+06   2.5483065364406141e+06
  6.4649929178579859e-03   2.2481807653077492e+06   2.5499070278616860e+06
  6.4708339539292581e-03   2.2485493075126903e+06   2.5515131297800699e+06
  6.4766749900005303e-03   2.2489198330572490e+06   2.5531248528222502e+06
  6.4825160260718025e-03   2.2492923525064909e+06   2.5547422077787863e+06
  6.4883570621430730e-03   2.2496668764903941e+06   2.5563652051665275e+06
  6.4941980982143451e-03   2.2500434157035174e+06   2.5579938556386293e+06
  6.5000391342856173e-03   2.2504219808675600e+06   2.5596281697444627e+06
  6.5058801703568878e-03   2.2508025828021117e+06   2.5612681580206631e+06
  6.5117212064281600e-03   2.2511852323486125e+06   2.5629138309668005e+06
  6.5175622424994322e-03   2.2515699404166262e+06   2.5645651990922140e+06
  6.5234032785707044e-03   2.2519567180012474e+06   2.5662222728676102e+06
  6.5292443146419748e-03   2.2523455760934297e+06   2.5678850626576408e+06
  6.5350853507132470e-03   2.2527365258017709e+06   2.5695535788712660e+06
  6.5409263867845192e-03   2.2531295782441911e+06   2.5712278318499932e+06
  6.5467674228557897e-03   2.2535247446510270e+06   2.5729078319346872e+06
  6.5526084589270618e-03   2.2539220362579138e+06   2.5745935894472855e+06
  6.5584494949983340e-03   2.2543214643732505e+06   2.5762851145939813e+06
  6.5642905310696045e-03   2.2547230404048995e+06   2.5779824176427191e+06
  6.5701315671408767e-03   2.2551267757541989e+06   2.5796855087471246e+06
  6.5759726032121489e-03   2.2555326819254253e+06   2.5813943981007789e+06
  6.5818136392834211e-03   2.2559407704928587e+06   2.5831090958674066e+06
  6.5876546753546915e-03   2.2563510530404006e+06   2.5848296121274051e+06
  6.5934957114259637e-03   2.2567635412686006e+06   2.5865559569146433e+06
  6.5993367474972359e-03   2.2571782468819632e+06   2.5882881402823874e+06
  6.6051777835685064e-03   2.2575951817084886e+06   2.5900261722424584e+06
  6.6110188196397785e-03   2.2580143575950037e+06   2.5917700627623657e+06
  6.6168598557110507e-03   2.2584357864526897e+06   2.5935198217949825e+06
  6.6227008917823229e-03   2.2588594802762363e+06   2.5952754591976693e+06
  6.6285419278535934e-03   2.2592854510909696e+06   2.5970369848542353e+06
  6.6343829639248656e-03   2.2597137110348926e+06   2.5988044086245820e+06
  6.6402239999961378e-03   2.2601442722424632e+06   2.6005777402763381e+06
  6.6460650360674082e-03   2.2605771469576298e+06   2.6023569895725241e+06
  6.6519060721386804e-03   2.2610123475000565e+06   2.6041421663339688e+06
  6.6577471082099526e-03   2.2614498861881676e+06   2.6059332800998865e+06
  6.6635881442812231e-03   2.2618897754795654e+06   2.6077303406445524e+06
  6.6694291803524952e-03   2.2623320278378748e+06   2.6095333576002698e+06
  6.6752702164237674e-03   2.2627766558434740e+06   2.6113423405006211e+06
  6.6811112524950396e-03   2.2632236720961574e+06   2.6131572989583137e+06
  6.6869522885663101e-03   2.2636730892829071e+06   2.6149782424432118e+06
  6.6927933246375823e-03   2.2641249201522144e+06   2.6168051804905650e+06
  6.6986343607088545e-03   2.2645791775146318e+06   2.6186381225172845e+06
  6.7044753967801249e-03   2.2650358742659437e+06   2.6204770779278423e+06
  6.7103164328513971e-03   2.2654950233409242e+06   2.6223220562040289e+06
  6.7161574689226693e-03   2.2659566377661014e+06   2.6241730665649408e+06
  6.7219985049939415e-03   2.2664207306119120e+06   2.6260301183800572e+06
  6.7278395410652119e-03   2.2668873150327499e+06   2.6278932208890081e+06
  6.7336805771364841e-03   2.2673564042634494e+06   2.6297623833876494e+06
  6.7395216132077563e-03   2.2678280115615041e+06   2.6316376150304023e+06
  6.7453626492790268e-03   2.2683021503170789e+06   2.6335189250337249e+06
  6.7512036853502990e-03   2.2687788339174306e+06   2.6354063224481922e+06
  6.7570447214215712e-03   2.2692580758803687e+06   2.6372998164133099e+06
  6.7628857574928416e-03   2.2697398897655532e+06   2.6391994159893659e+06
  6.7687267935641138e-03   2.2702242892023223e+06   2.6411051301603564e+06
  6.7745678296353860e-03   2.2707112878994904e+06   2.6430169679398709e+06
  6.7804088657066582e-03   2.2712008996230457e+06   2.6449349382544947e+06
  6.7862499017779286e-03   2.2716931382319140e+06   2.6468590500080087e+06
  6.7920909378492008e-03   2.2721880176289431e+06   2.6487893120906437e+06
  6.7979319739204730e-03   2.2726855518063102e+06   2.6507257333162189e+06
  6.8037730099917435e-03   2.2731857548412490e+06   2.6526683225206723e+06
  6.8096140460630157e-03   2.2736886408329615e+06   2.6546170883663315e+06
  6.8154550821342879e-03   2.2741942240305622e+06   2.6565720396997128e+06
  6.8212961182055601e-03   2.2747025186673244e+06   2.6585331851090486e+06
  6.8271371542768305e-03   2.2752135391310640e+06   2.6605005332422238e+06
  6.8329781903481027e-03   2.2757272998311101e+06   2.6624740927826925e+06
  6.8388192264193749e-03   2.2762438152724216e+06   2.6644538722206838e+06
  6.8446602624906453e-03   2.2767631000304972e+06   2.6664398801271361e+06
  6.8505012985619175e-03   2.2772851687495797e+06   2.6684321249774457e+06
  6.8563423346331897e-03   2.2778100361646493e+06   2.6704306152184117e+06
  6.8621833707044602e-03   2.2783377170637040e+06   2.6724353593169320e+06
  6.8680244067757324e-03   2.2788682263372401e+06   2.6744463655710327e+06
  6.8738654428470046e-03   2.2794015789269460e+06   2.6764636423971918e+06
  6.8797064789182768e-03   2.2799377898665690e+06   2.6784871980166254e+06
  6.8855475149895472e-03   2.2804768742691232e+06   2.6805170408201059e+06
  6.8913885510608194e-03   2.2810188473036066e+06   2.6825531788951769e+06
  6.8972295871320916e-03   2.2815637242462216e+06   2.6845956205056664e+06
  6.9030706232033620e-03   2.2821115204256005e+06   2.6866443737706360e+06
  6.9089116592746342e-03   2.2826622512843539e+06   2.6886994468104839e+06
  6.9147526953459064e-03   2.2832159322767248e+06   2.6907608476782311e+06
  6.9205937314171786e-03   2.2837725790236038e+06   2.6928285844134991e+06
  6.9264347674884491e-03   2.2843322071499042e+06   2.6949026650098180e+06
  6.9322758035597213e-03   2.2848948324089646e+06   2.6969830974330464e+06
  6.9381168396309935e-03   2.2854604706158969e+06   2.6990698895866964e+06
  6.9439578757022639e-03   2.2860291376489531e+06   2.7011630493230545e+06
  6.9497989117735361e-03   2.2866008495352417e+06   2.7032625845498969e+06
  6.9556399478448083e-03   2.2871756222671862e+06   2.7053685029683323e+06
  6.9614809839160787e-03   2.2877534720570631e+06   2.7074808124206145e+06
  6.9673220199873509e-03   2.2883344150668113e+06   2.7095995205324171e+06
  6.9731630560586231e-03   2.2889184676450859e+06   2.7117246350813480e+06
  6.9790040921298953e-03   2.2895056461677244e+06   2.7138561636509327e+06
  6.9848451282011658e-03   2.2900959671079228e+06   2.7159941138506783e+06
  6.9906861642724380e-03   2.2906894470415912e+06   2.7181384932710216e+06
  6.9965272003437102e-03   2.2912861025727238e+06   2.7202893093944700e+06
  7.0023682364149806e-03   2.2918859504673625e+06   2.7224465696967863e+06
  7.0082092724862528e-03   2.2924890075030811e+06   2.7246102816654202e+06
  7.0140503085575250e-03   2.2930952906146222e+06   2.7267804527038205e+06
  7.0198913446287972e-03   2.2937048167440058e+06   2.7289570901527950e+06
  7.0257323807000676e-03   2.2943176029923121e+06   2.7311402013211050e+06
  7.0315734167713398e-03   2.2949336664987998e+06   2.7333297935216716e+06
  7.0374144528426120e-03   2.2955530245076707e+06   2.7355258739945455e+06
  7.0432554889138825e-03   2.2961756943660951e+06   2.7377284499745318e+06
  7.0490965249851547e-03   2.2968016934615509e+06   2.7399375285759685e+06
  7.0549375610564269e-03   2.2974310393416174e+06   2.7421531169750113e+06
  7.0607785971276973e-03   2.2980637495471765e+06   2.7443752222196967e+06
  7.0666196331989695e-03   2.2986998418225953e+06   2.7466038513963618e+06
  7.0724606692702417e-03   2.2993393338898448e+06   2.7488390114948563e+06
  7.0783017053415139e-03   2.2999822436511335e+06   2.7510807095026271e+06
  7.0841427414127843e-03   2.3006285890380461e+06   2.7533289523220239e+06
  7.0899837774840565e-03   2.3012783880924364e+06   2.7555837468496771e+06
  7.0958248135553287e-03   2.3019316589811239e+06   2.7578450999757564e+06
  7.1016658496265992e-03   2.3025884198790356e+06   2.7601130184748909e+06
  7.1075068856978714e-03   2.3032486891663065e+06   2.7623875091156778e+06
  7.1133479217691436e-03   2.3039124852000619e+06   2.7646685786820399e+06
  7.1191889578404157e-03   2.3045798265362685e+06   2.7669562338206191e+06
  7.1250299939116862e-03   2.3052507317174631e+06   2.7692504811809817e+06
  7.1308710299829584e-03   2.3059252194819422e+06   2.7715513274253779e+06
  7.1367120660542306e-03   2.3066033085891488e+06   2.7738587790902117e+06
  7.1425531021255010e-03   2.3072850179218762e+06   2.7761728427077285e+06
  7.1483941381967732e-03   2.3079703664763947e+06   2.7784935248309970e+06
  7.1542351742680454e-03   2.3086593732862575e+06   2.7808208318673670e+06
  7.1600762103393159e-03   2.3093520575574287e+06   2.7831547702330900e+06
  7.1659172464105881e-03   2.3100484385143467e+06   2.7854953463501120e+06
  7.1717582824818603e-03   2.3107485355614871e+06   2.7878425665350417e+06
  7.1775993185531324e-03   2.3114523680948080e+06   2.7901964370698119e+06
  7.1834403546244029e-03   2.3121599557326310e+06   2.7925569642582885e+06
  7.1892813906956751e-03   2.3128713180707470e+06   2.7949241542764110e+06
  7.1951224267669473e-03   2.3135864749039300e+06   2.7972980133670596e+06
  7.2009634628382177e-03   2.3143054460522584e+06   2.7996785476257727e+06
  7.2068044989094899e-03   2.3150282514743404e+06   2.8020657631854247e+06
  7.2126455349807621e-03   2.3157549112260547e+06   2.8044596661020746e+06
  7.2184865710520343e-03   2.3164854454302983e+06   2.8068602623903509e+06
  7.2243276071233048e-03   2.3172198743768046e+06   2.8092675580739314e+06
  7.2301686431945770e-03   2.3179582183643524e+06   2.8116815590696908e+06
  7.2360096792658491e-03   2.3187004978988124e+06   2.8141022713210392e+06
  7.2418507153371196e-03   2.3194467334785284e+06   2.8165297006753753e+06
  7.2476917514083918e-03   2.3201969458189486e+06   2.8189638529809443e+06
  7.2535327874796640e-03   2.3209511556183705e+06   2.8214047340410026e+06
  7.2593738235509344e-03   2.3217093837869153e+06   2.8238523496053396e+06
  7.2652148596222066e-03   2.3224716512689288e+06   2.8263067053839155e+06
  7.2710558956934788e-03   2.3232379791325759e+06   2.8287678070619679e+06
  7.2768969317647510e-03   2.3240083885658798e+06   2.8312356602978748e+06
  7.2827379678360215e-03   2.3247829008232672e+06   2.8337102706562495e+06
  7.2885790039072937e-03   2.3255615373325832e+06   2.8361916437398875e+06
  7.2944200399785658e-03   2.3263443195258928e+06   2.8386797850594805e+06
  7.3002610760498363e-03   2.3271312690748237e+06   2.8411747001414741e+06
  7.3061021121211085e-03   2.3279224076080713e+06   2.8436763943611276e+06
  7.3119431481923807e-03   2.3287177570083737e+06   2.8461848732023989e+06
  7.3177841842636529e-03   2.3295173391357856e+06   2.8487001419932148e+06
  7.3236252203349233e-03   2.3303211760685886e+06   2.8512222060960773e+06
  7.3294662564061955e-03   2.3311292899063965e+06   2.8537510708140475e+06
  7.3353072924774677e-03   2.3319417029260118e+06   2.8562867413861309e+06
  7.3411483285487382e-03   2.3327584374609510e+06   2.8588292230392508e+06
  7.3469893646200104e-03   2.3335795159945395e+06   2.8613785209932444e+06
  7.3528304006912825e-03   2.3344049611026612e+06   2.8639346403784989e+06
  7.3586714367625530e-03   2.3352347954502893e+06   2.8664975862534256e+06
  7.3645124728338252e-03   2.3360690418861690e+06   2.8690673637779951e+06
  7.3703535089050974e-03   2.3369077232643743e+06   2.8716439779115282e+06
  7.3761945449763696e-03   2.3377508626751020e+06   2.8742274337340347e+06
  7.3820355810476400e-03   2.3385984831842599e+06   2.8768177361261840e+06
  7.3878766171189122e-03   2.3394506081227483e+06   2.8794148900647620e+06
  7.3937176531901844e-03   2.3403072607703735e+06   2.8820189004061855e+06
  7.3995586892614549e-03   2.3411684646986653e+06   2.8846297720203698e+06
  7.4053997253327270e-03   2.3420342434219494e+06   2.8872475096974475e+06
  7.4112407614039992e-03   2.3429046207148051e+06   2.8898721182746813e+06
  7.4170817974752714e-03   2.3437796203587088e+06   2.8925036024256628e+06
  7.4229228335465419e-03   2.3446592663288843e+06   2.8951419668540051e+06
  7.4287638696178141e-03   2.3455435826652274e+06   2.8977872163019152e+06
  7.4346049056890863e-03   2.3464325935560917e+06   2.9004393553096987e+06
  7.4404459417603567e-03   2.3473263233015561e+06   2.9030983885220056e+06
  7.4462869778316289e-03   2.3482247962888768e+06   2.9057643204811760e+06
  7.4521280139029011e-03   2.3491280371002564e+06   2.9084371557178432e+06
  7.4579690499741716e-03   2.3500360703237946e+06   2.9111168986737500e+06
  7.4638100860454437e-03   2.3509489208071912e+06   2.9138035538864816e+06
  7.4696511221167159e-03   2.3518666133598313e+06   2.9164971256825542e+06
  7.4754921581879881e-03   2.3527891730831461e+06   2.9191976184903500e+06
  7.4813331942592586e-03   2.3537166250219345e+06   2.9219050366234547e+06
  7.4871742303305308e-03   2.3546489945229818e+06   2.9246193844045601e+06
  7.4930152664018030e-03   2.3555863068724787e+06   2.9273406661015856e+06
  7.4988563024730734e-03   2.3565285876661073e+06   2.9300688859303598e+06
  7.5046973385443456e-03   2.3574758624450024e+06   2.9328040481104944e+06
  7.5105383746156178e-03   2.3584281570304558e+06   2.9355461568277800e+06
  7.5163794106868900e-03   2.3593854972340451e+06   2.9382952161537847e+06
  7.5222204467581604e-03   2.3603479090966275e+06   2.9410512302116505e+06
  7.5280614828294326e-03   2.3613154187158835e+06   2.9438142030698815e+06
  7.5339025189007048e-03   2.3622880523513984e+06   2.9465841387327141e+06
  7.5397435549719753e-03   2.3632658363867314e+06   2.9493610412083198e+06
  7.5455845910432475e-03   2.3642487972999201e+06   2.9521449144309130e+06
  7.5514256271145197e-03   2.3652369617552301e+06   2.9549357623395491e+06
  7.5572666631857901e-03   2.3662303564616786e+06   2.9577335887922645e+06
  7.5631076992570623e-03   2.3672290083612767e+06   2.9605383976588361e+06
  7.5689487353283345e-03   2.3682329444073671e+06   2.9633501927528586e+06
  7.5747897713996067e-03   2.3692421918142126e+06   2.9661689778433940e+06
  7.5806308074708771e-03   2.3702567777678026e+06   2.9689947566816378e+06
  7.5864718435421493e-03   2.3712767297658268e+06   2.9718275330200298e+06
  7.5923128796134215e-03   2.3723020752490307e+06   2.9746673104486670e+06
  7.5981539156846920e-03   2.3733328419799721e+06   2.9775140927069974e+06
  7.6039949517559642e-03   2.3743690576497922e+06   2.9803678833574625e+06
  7.6098359878272364e-03   2.3754107502967268e+06   2.9832286859821039e+06
  7.6156770238985086e-03   2.3764579478776320e+06   2.9860965041010766e+06
  7.6215180599697790e-03   2.3775106786882663e+06   2.9889713412853745e+06
  7.6273590960410512e-03   2.3785689709642124e+06   2.9918532009520875e+06
  7.6332001321123234e-03   2.3796328532491126e+06   2.9947420866007828e+06
  7.6390411681835938e-03   2.3807023540791981e+06   2.9976380015819920e+06
  7.6448822042548660e-03   2.3817775022354885e+06   3.0005409493000470e+06
  7.6507232403261382e-03   2.3828583265443556e+06   3.0034509331118199e+06
  7.6565642763974087e-03   2.3839448560508257e+06   3.0063679563192725e+06
  7.6624053124686809e-03   2.3850371198712289e+06   3.0092920221759952e+06
  7.6682463485399531e-03   2.3861351472972492e+06   3.0122231339521664e+06
  7.6740873846112253e-03   2.3872389677375569e+06   3.0151612948649474e+06
  7.6799284206824957e-03   2.3883486107525700e+06   3.0181065080812727e+06
  7.6857694567537679e-03   2.3894641060468717e+06   3.0210587767491685e+06
  7.6916104928250401e-03   2.3905854834239553e+06   3.0240181039778953e+06
  7.6974515288963105e-03   2.3917127729022484e+06   3.0269844928642535e+06
  7.7032925649675827e-03   2.3928460045398916e+06   3.0299579464465859e+06
  7.7091336010388549e-03   2.3939852086544065e+06   3.0329384677465647e+06
  7.7149746371101271e-03   2.3951304155757916e+06   3.0359260597576010e+06
  7.7208156731813976e-03   2.3962816559143751e+06   3.0389207254300262e+06
  7.7266567092526698e-03   2.3974389602669822e+06   3.0419224676713743e+06
  7.7324977453239420e-03   2.3986023595479582e+06   3.0449312894122368e+06
  7.7383387813952124e-03   2.3997718846214544e+06   3.0479471934462250e+06
  7.7441798174664846e-03   2.4009475667125992e+06   3.0509701826857934e+06
  7.7500208535377568e-03   2.4021294369529202e+06   3.0540002598452843e+06
  7.7558618896090272e-03   2.4033175268645468e+06   3.0570374277512324e+06
  7.7617029256802994e-03   2.4045118678658530e+06   3.0600816890732148e+06
  7.7675439617515716e-03   2.4057124917751332e+06   3.0631330465765493e+06
  7.7733849978228438e-03   2.4069194302983009e+06   3.0661915028844015e+06
  7.7792260338941143e-03   2.4081327155487365e+06   3.0692570606933143e+06
  7.7850670699653865e-03   2.4093523795307432e+06   3.0723297225314719e+06
  7.7909081060366587e-03   2.4105784546477366e+06   3.0754094910735800e+06
  7.7967491421079291e-03   2.4118109731968953e+06   3.0784963687733565e+06
  7.8025901781792013e-03   2.4130499678790285e+06   3.0815903582059331e+06
  7.8084312142504735e-03   2.4142954712947649e+06   3.0846914618215924e+06
  7.8142722503217465e-03   2.4155475164407310e+06   3.0877996821131781e+06
  7.8201132863930170e-03   2.4168061362247900e+06   3.0909150214809468e+06
  7.8259543224642875e-03   2.4180713639316368e+06   3.0940374823398581e+06
  7.8317953585355614e-03   2.4193432327777990e+06   3.0971670670059212e+06
  7.8376363946068318e-03   2.4206217763462029e+06   3.1003037778799627e+06
  7.8434774306781023e-03   2.4219070281656100e+06   3.1034476172089400e+06
  7.8493184667493762e-03   2.4231990221144846e+06   3.1065985873171566e+06
  7.8551595028206467e-03   2.4244977920357832e+06   3.1097566903870637e+06
  7.8610005388919171e-03   2.4258033721046438e+06   3.1129219286951981e+06
  7.8668415749631911e-03   2.4271157964809518e+06   3.1160943043871671e+06
  7.8726826110344615e-03   2.4284350996460002e+06   3.1192738196364846e+06
  7.8785236471057320e-03   2.4297613160692505e+06   3.1224604765533973e+06
  7.8843646831770059e-03   2.4310944805322196e+06   3.1256542772492487e+06
  7.8902057192482764e-03   2.4324346278302623e+06   3.1288552237748597e+06
  7.8960467553195468e-03   2.4337817930494426e+06   3.1320633181852847e+06
  7.9018877913908207e-03   2.4351360113045261e+06   3.1352785624501132e+06
  7.9077288274620912e-03   2.4364973179823495e+06   3.1385009585979548e+06
  7.9135698635333651e-03   2.4378657485272586e+06   3.1417305085323509e+06
  7.9194108996046356e-03   2.4392413386312453e+06   3.1449672141935537e+06
  7.9252519356759060e-03   2.4406241240652828e+06   3.1482110774751413e+06
  7.9310929717471799e-03   2.4420141408325192e+06   3.1514621002271962e+06
  7.9369340078184504e-03   2.4434114250262678e+06   3.1547202842870825e+06
  7.9427750438897209e-03   2.4448160129622645e+06   3.1579856314660474e+06
  7.9486160799609948e-03   2.4462279410621957e+06   3.1612581435221313e+06
  7.9544571160322652e-03   2.4476472459585471e+06   3.1645378222086080e+06
  7.9602981521035357e-03   2.4490739643948567e+06   3.1678246692577335e+06
  7.9661391881748096e-03   2.4505081333328648e+06   3.1711186863257727e+06
  7.9719802242460801e-03   2.4519497898378815e+06   3.1744198750951216e+06
  7.9778212603173505e-03   2.4533989711857750e+06   3.1777282371973251e+06
  7.9836622963886245e-03   2.4548557147793095e+06   3.1810437742324076e+06
  7.9895033324598949e-03   2.4563200582168573e+06   3.1843664877507878e+06
  7.9953443685311654e-03   2.4577920392297241e+06   3.1876963793273191e+06
  8.0011854046024393e-03   2.4592716957446868e+06   3.1910334504676373e+06
  8.0070264406737097e-03   2.4607590658209487e+06   3.1943777026797882e+06
  8.0128674767449837e-03   2.4622541877168389e+06   3.1977291373863257e+06
  8.0187085128162541e-03   2.4637570998178916e+06   3.2010877560510514e+06
  8.0245495488875246e-03   2.4652678407144784e+06   3.2044535600506272e+06
  8.0303905849587985e-03   2.4667864491312010e+06   3.2078265508032194e+06
  8.0362316210300690e-03   2.4683129639825430e+06   3.2112067296146583e+06
  8.0420726571013394e-03   2.4698474243332301e+06   3.2145940978310453e+06
  8.0479136931726133e-03   2.4713898694333863e+06   3.2179886567387381e+06
  8.0537547292438838e-03   2.4729403386760969e+06   3.2213904075853298e+06
  8.0595957653151543e-03   2.4744988716527135e+06   3.2247993516219305e+06
  8.0654368013864282e-03   2.4760655080891647e+06   3.2282154900598708e+06
  8.0712778374576986e-03   2.4776402879261617e+06   3.2316388240625584e+06
  8.0771188735289691e-03   2.4792232512096120e+06   3.2350693548048954e+06
  8.0829599096002430e-03   2.4808144382326277e+06   3.2385070833955030e+06
  8.0888009456715135e-03   2.4824138893771451e+06   3.2419520109150670e+06
  8.0946419817427839e-03   2.4840216452786871e+06   3.2454041384749715e+06
  8.1004830178140579e-03   2.4856377466538339e+06   3.2488634670806145e+06
  8.1063240538853283e-03   2.4872622344877599e+06   3.2523299977514367e+06
  8.1121650899566022e-03   2.4888951498352280e+06   3.2558037314759335e+06
  8.1180061260278727e-03   2.4905365340306046e+06   3.2592846692187428e+06
  8.1238471620991431e-03   2.4921864284636430e+06   3.2627728118955693e+06
  8.1296881981704171e-03   2.4938448748244559e+06   3.2662681604319974e+06
  8.1355292342416875e-03   2.4955119148264914e+06   3.2697707156657930e+06
  8.1413702703129580e-03   2.4971875905346912e+06   3.2732804784910167e+06
  8.1472113063842319e-03   2.4988719439880787e+06   3.2767974496721239e+06
  8.1530523424555024e-03   2.5005650176107776e+06   3.2803216300514606e+06
  8.1588933785267728e-03   2.5022668537764349e+06   3.2838530203529284e+06
  8.1647344145980467e-03   2.5039774952712860e+06   3.2873916213458325e+06
  8.1705754506693172e-03   2.5056969848046075e+06   3.2909374336932562e+06
  8.1764164867405877e-03   2.5074253655253020e+06   3.2944904581390577e+06
  8.1822575228118616e-03   2.5091626804791568e+06   3.2980506952735819e+06
  8.1880985588831320e-03   2.5109089731775182e+06   3.3016181457543964e+06
  8.1939395949544025e-03   2.5126642870064708e+06   3.3051928101577330e+06
  8.1997806310256764e-03   2.5144286658404088e+06   3.3087746891151704e+06
  8.2056216670969469e-03   2.5162021534037483e+06   3.3123637830702038e+06
  8.2114627031682208e-03   2.5179847939378154e+06   3.3159600926187783e+06
  8.2173037392394913e-03   2.5197766315036500e+06   3.3195636181976101e+06
  8.2231447753107617e-03   2.5215777107122364e+06   3.3231743603005884e+06
  8.2289858113820356e-03   2.5233880759624545e+06   3.3267923193191956e+06
  8.2348268474533061e-03   2.5252077722350801e+06   3.3304174957102765e+06
  8.2406678835245765e-03   2.5270368442667881e+06   3.3340498897892945e+06
  8.2465089195958505e-03   2.5288753374110926e+06   3.3376895019547059e+06
  8.2523499556671209e-03   2.5307232967425538e+06   3.3413363324561571e+06
  8.2581909917383914e-03   2.5325807679835465e+06   3.3449903816811973e+06
  8.2640320278096653e-03   2.5344477965566730e+06   3.3486516497940249e+06
  8.2698730638809358e-03   2.5363244285396617e+06   3.3523201371063776e+06
  8.2757140999522062e-03   2.5382107097191387e+06   3.3559958437670465e+06
  8.2815551360234801e-03   2.5401066865255758e+06   3.3596787700123508e+06
  8.2873961720947506e-03   2.5420124051004248e+06   3.3633689159327182e+06
  8.2932372081660211e-03   2.5439279122310118e+06   3.3670662817149777e+06
  8.2990782442372950e-03   2.5458532544257008e+06   3.3707708673747475e+06
  8.3049192803085654e-03   2.5477884788129893e+06   3.3744826730574854e+06
  8.3107603163798394e-03   2.5497336322711892e+06   3.3782016987169371e+06
  8.3166013524511098e-03   2.5516887622803897e+06   3.3819279444416086e+06
  8.3224423885223803e-03   2.5536539160900665e+06   3.3856614101330307e+06
  8.3282834245936542e-03   2.5556291415152596e+06   3.3894020958207455e+06
  8.3341244606649247e-03   2.5576144861909864e+06   3.3931500013612262e+06
  8.3399654967361951e-03   2.5596099982583839e+06   3.3969051267025727e+06
  8.3458065328074690e-03   2.5616157257467685e+06   3.4006674716476835e+06
  8.3516475688787395e-03   2.5636317171205305e+06   3.4044370360899363e+06
  8.3574886049500099e-03   2.5656580208048709e+06   3.4082138198053939e+06
  8.3633296410212839e-03   2.5676946855802820e+06   3.4119978225993682e+06
  8.3691706770925543e-03   2.5697417602729751e+06   3.4157890441748025e+06
  8.3750117131638248e-03   2.5717992939823200e+06   3.4195874842905919e+06
  8.3808527492350987e-03   2.5738673359306068e+06   3.4233931426081839e+06
  8.3866937853063692e-03   2.5759459355327561e+06   3.4272060188016263e+06
  8.3925348213776396e-03   2.5780351424202938e+06   3.4310261125081913e+06
  8.3983758574489135e-03   2.5801350063089333e+06   3.4348534233164871e+06
  8.4042168935201840e-03   2.5822455772428643e+06   3.4386879508097707e+06
  8.4100579295914579e-03   2.5843669052455463e+06   3.4425296945089148e+06
  8.4158989656627284e-03   2.5864990407666923e+06   3.4463786539512756e+06
  8.4217400017339988e-03   2.5886420341363600e+06   3.4502348285917016e+06
  8.4275810378052728e-03   2.5907959362065289e+06   3.4540982179132346e+06
  8.4334220738765432e-03   2.5929607976254988e+06   3.4579688212866141e+06
  8.4392631099478137e-03   2.5951366696350886e+06   3.4618466381670656e+06
  8.4451041460190876e-03   2.5973236032051537e+06   3.4657316678573559e+06
  8.4509451820903581e-03   2.5995216499694698e+06   3.4696239097326505e+06
  8.4567862181616285e-03   2.6017308612116934e+06   3.4735233630406205e+06
  8.4626272542329024e-03   2.6039512889597495e+06   3.4774300271192845e+06
  8.4684682903041729e-03   2.6061829848198025e+06   3.4813439011059478e+06
  8.4743093263754433e-03   2.6084260011889962e+06   3.4852649843169828e+06
  8.4801503624467173e-03   2.6106803900209721e+06   3.4891932758287829e+06
  8.4859913985179877e-03   2.6129462040628297e+06   3.4931287748622461e+06
  8.4918324345892582e-03   2.6152234956302331e+06   3.4970714804520118e+06
  8.4976734706605321e-03   2.6175123178049643e+06   3.5010213917552335e+06
  8.5035145067318026e-03   2.6198127232685955e+06   3.5049785077451183e+06
  8.5093555428030765e-03   2.6221247654300481e+06   3.5089428275051382e+06
  8.5151965788743469e-03   2.6244484973507184e+06   3.5129143499427899e+06
  8.5210376149456174e-03   2.6267839727502400e+06   3.5168930740873511e+06
  8.5268786510168913e-03   2.6291312450811379e+06   3.5208789987905836e+06
  8.5327196870881618e-03   2.6314903683526441e+06   3.5248721229902213e+06
  8.5385607231594322e-03   2.6338613964237361e+06   3.5288724454871994e+06
  8.5444017592307062e-03   2.6362443835832682e+06   3.5328799651378943e+06
  8.5502427953019766e-03   2.6386393841040707e+06   3.5368946807066873e+06
  8.5560838313732471e-03   2.6410464525412531e+06   3.5409165909541864e+06
  8.5619248674445210e-03   2.6434656435844377e+06   3.5449456945983493e+06
  8.5677659035157915e-03   2.6458970120547088e+06   3.5489819903207859e+06
  8.5736069395870619e-03   2.6483406130497218e+06   3.5530254767731824e+06
  8.5794479756583358e-03   2.6507965016560531e+06   3.5570761525602695e+06
  8.5852890117296063e-03   2.6532647333853683e+06   3.5611340162931946e+06
  8.5911300478008767e-03   2.6557453635830218e+06   3.5651990664816899e+06
  8.5969710838721507e-03   2.6582384481624877e+06   3.5692713016744070e+06
  8.6028121199434211e-03   2.6607440427348535e+06   3.5733507202899312e+06
  8.6086531560146951e-03   2.6632622036124822e+06   3.5774373208630979e+06
  8.6144941920859655e-03   2.6657929866715814e+06   3.5815311016967054e+06
  8.6203352281572360e-03   2.6683364486045083e+06   3.5856320612467104e+06
  8.6261762642285099e-03   2.6708926455709119e+06   3.5897401977612376e+06
  8.6320173002997803e-03   2.6734616346222516e+06   3.5938555096416008e+06
  8.6378583363710508e-03   2.6760434722174541e+06   3.5979779950396786e+06
  8.6436993724423247e-03   2.6786382157435301e+06   3.6021076522921477e+06
  8.6495404085135952e-03   2.6812459219719199e+06   3.6062444794682874e+06
  8.6553814445848656e-03   2.6838666486017890e+06   3.6103884748391593e+06
  8.6612224806561396e-03   2.6865004527423256e+06   3.6145396364076682e+06
  8.6670635167274100e-03   2.6891473923682780e+06   3.6186979623395642e+06
  8.6729045527986805e-03   2.6918075249534231e+06   3.6228634505953272e+06
  8.6787455888699544e-03   2.6944809087178325e+06   3.6270360992533416e+06
  8.6845866249412249e-03   2.6971676015127702e+06   3.6312159061984140e+06
  8.6904276610124953e-03   2.6998676617909106e+06   3.6354028694148157e+06
  8.6962686970837692e-03   2.7025811477880073e+06   3.6395969867350990e+06
  8.7021097331550397e-03   2.7053081181700206e+06   3.6437982560531218e+06
  8.7079507692263136e-03   2.7080486315638633e+06   3.6480066751250755e+06
  8.7137918052975841e-03   2.7108027468353375e+06   3.6522222417491553e+06
  8.7196328413688545e-03   2.7135705230048043e+06   3.6564449536377792e+06
  8.7254738774401285e-03   2.7163520191286094e+06   3.6606748084773379e+06
  8.7313149135113989e-03   2.7191472946175793e+06   3.6649118039133172e+06
  8.7371559495826694e-03   2.7219564087142288e+06   3.6691559375285883e+06
  8.7429969856539433e-03   2.7247794212156460e+06   3.6734072069354868e+06
  8.7488380217252137e-03   2.7276163915480343e+06   3.6776656095863087e+06
  8.7546790577964842e-03   2.7304673798720427e+06   3.6819311430219961e+06
  8.7605200938677581e-03   2.7333324458103166e+06   3.6862038046080722e+06
  8.7663611299390286e-03   2.7362116498757116e+06   3.6904835918268114e+06
  8.7722021660102990e-03   2.7391050518890386e+06   3.6947705019266852e+06
  8.7780432020815730e-03   2.7420127126827445e+06   3.6990645323252790e+06
  8.7838842381528434e-03   2.7449346923076487e+06   3.7033656801664289e+06
  8.7897252742241139e-03   2.7478710518786372e+06   3.7076739427977949e+06
  8.7955663102953878e-03   2.7508218516885713e+06   3.7119893172564963e+06
  8.8014073463666583e-03   2.7537871531112515e+06   3.7163118008087580e+06
  8.8072483824379322e-03   2.7567670167045007e+06   3.7206413904167162e+06
  8.8130894185092026e-03   2.7597615040509431e+06   3.7249780832352620e+06
  8.8189304545804731e-03   2.7627706760099730e+06   3.7293218761618026e+06
  8.8247714906517470e-03   2.7657945943364431e+06   3.7336727662310023e+06
  8.8306125267230175e-03   2.7688333201955748e+06   3.7380307502583992e+06
  8.8364535627942879e-03   2.7718869155003945e+06   3.7423958251802144e+06
  8.8422945988655584e-03   2.7749554417336741e+06   3.7467679877292798e+06
  8.8481356349368323e-03   2.7780389609282166e+06   3.7511472347486103e+06
  8.8539766710081028e-03   2.7811375348976306e+06   3.7555335628779116e+06
  8.8598177070793732e-03   2.7842512257820670e+06   3.7599269688328453e+06
  8.8656587431506471e-03   2.7873800957231685e+06   3.7643274492009510e+06
  8.8714997792219176e-03   2.7905242069475073e+06   3.7687350005713282e+06
  8.8773408152931915e-03   2.7936836219209866e+06   3.7731496194459233e+06
  8.8831818513644620e-03   2.7968584029513430e+06   3.7775713022904247e+06
  8.8890228874357324e-03   2.8000486128183119e+06   3.7820000455460069e+06
  8.8948639235070064e-03   2.8032543139039241e+06   3.7864358455462279e+06
  8.9007049595782768e-03   2.8064755692861080e+06   3.7908786986506907e+06
  8.9065459956495473e-03   2.8097124414207330e+06   3.7953286010638177e+06
  8.9123870317208212e-03   2.8129649936625678e+06   3.7997855490851081e+06
  8.9182280677920917e-03   2.8162332885458516e+06   3.8042495387659092e+06
  8.9240691038633621e-03   2.8195173896755734e+06   3.8087205663364124e+06
  8.9299101399346360e-03   2.8228173596737878e+06   3.8131986277178042e+06
  8.9357511760059065e-03   2.8261332623667703e+06   3.8176837190530426e+06
  8.9415922120771769e-03   2.8294651604744853e+06   3.8221758361413451e+06
  8.9474332481484509e-03   2.8328131180005088e+06   3.8266749750212296e+06
  8.9532742842197213e-03   2.8361771977905156e+06   3.8311811313882307e+06
  8.9591153202909918e-03   2.8395574639870822e+06   3.8356943011721703e+06
  8.9649563563622657e-03   2.8429539795698742e+06   3.8402144799444252e+06
  8.9707973924335362e-03   2.8463668087856867e+06   3.8447416635155990e+06
  8.9766384285048101e-03   2.8497960147658372e+06   3.8492758473672811e+06
  8.9824794645760805e-03   2.8532416618172443e+06   3.8538170271897279e+06
  8.9883205006473510e-03   2.8567038132392615e+06   3.8583651983402492e+06
  8.9941615367186249e-03   2.8601825333643914e+06   3.8629203563843593e+06
  9.0000025727898954e-03   2.8636778856675774e+06   3.8674824965923959e+06
  9.0058436088611658e-03   2.8671899344728240e+06   3.8720516143775769e+06
  9.0116846449324398e-03   2.8707187434372855e+06   3.8766277049194467e+06
  9.0175256810037102e-03   2.8742643768548160e+06   3.8812107634968539e+06
  9.0233667170749807e-03   2.8778268985484312e+06   3.8858007851689123e+06
  9.0292077531462546e-03   2.8814063727667434e+06   3.8903977650819318e+06
  9.0350487892175251e-03   2.8850028634968451e+06   3.8950016981937150e+06
  9.0408898252887955e-03   2.8886164349205880e+06   3.8996125795063800e+06
  9.0467308613600694e-03   2.8922471511752708e+06   3.9042304038753659e+06
  9.0525718974313399e-03   2.8958950763562252e+06   3.9088551661425857e+06
  9.0584129335026103e-03   2.8995602747413698e+06   3.9134868610653123e+06
  9.0642539695738843e-03   2.9032428103272505e+06   3.9181254833336468e+06
  9.0700950056451547e-03   2.9069427475125534e+06   3.9227710275996877e+06
  9.0759360417164286e-03   2.9106601501830802e+06   3.9274234883980188e+06
  9.0817770777876991e-03   2.9143950828380594e+06   3.9320828602736555e+06
  9.0876181138589696e-03   2.9181476092421357e+06   3.9367491376003413e+06
  9.0934591499302435e-03   2.9219177939725458e+06   3.9414223148080767e+06
  9.0993001860015139e-03   2.9257057006651694e+06   3.9461023861216474e+06
  9.1051412220727844e-03   2.9295113939490286e+06   3.9507893458558377e+06
  9.1109822581440583e-03   2.9333349373194519e+06   3.9554831880622073e+06
  9.1168232942153288e-03   2.9371763954344145e+06   3.9601839069527341e+06
  9.1226643302865992e-03   2.9410358316416941e+06   3.9648914964142265e+06
  9.1285053663578732e-03   2.9449133105998789e+06   3.9696059505283213e+06
  9.1343464024291436e-03   2.9488088955005365e+06   3.9743272630367847e+06
  9.1401874385004141e-03   2.9527226509752451e+06   3.9790554278818062e+06
  9.1460284745716880e-03   2.9566546400514212e+06   3.9837904386497303e+06
  9.1518695106429584e-03   2.9606049273044299e+06   3.9885322891388051e+06
  9.1577105467142289e-03   2.9645735755835525e+06   3.9932809727814072e+06
  9.1635515827855028e-03   2.9685606493833777e+06   3.9980364832594665e+06
  9.1693926188567733e-03   2.9725662113650115e+06   4.0027988138122233e+06
  9.1752336549280472e-03   2.9765903259137301e+06   4.0075679579896512e+06
  9.1810746909993177e-03   2.9806330554884314e+06   4.0123439088797220e+06
  9.1869157270705881e-03   2.9846944643386398e+06   4.0171266598738558e+06
  9.1927567631418620e-03   2.9887746147050927e+06   4.0219162038988802e+06
  9.1985977992131325e-03   2.9928735706762662e+06   4.0267125341985771e+06
  9.2044388352844030e-03   2.9969913942582216e+06   4.0315156435513906e+06
  9.2102798713556769e-03   3.0011281493540932e+06   4.0363255250202445e+06
  9.2161209074269473e-03   3.0052838977106763e+06   4.0411421712194779e+06
  9.2219619434982178e-03   3.0094587030214285e+06   4.0459655750710745e+06
  9.2278029795694917e-03   3.0136526267622123e+06   4.0507957290169033e+06
  9.2336440156407622e-03   3.0178657323884219e+06   4.0556326258195830e+06
  9.2394850517120326e-03   3.0220980810744064e+06   4.0604762577375663e+06
  9.2453260877833066e-03   3.0263497360225958e+06   4.0653266173725072e+06
  9.2511671238545770e-03   3.0306207580777621e+06   4.0701836968159741e+06
  9.2570081599258475e-03   3.0349112101695328e+06   4.0750474885097616e+06
  9.2628491959971214e-03   3.0392211527858167e+06   4.0799179843565277e+06
  9.2686902320683918e-03   3.0435506485536951e+06   4.0847951766247717e+06
  9.2745312681396658e-03   3.0478997575854873e+06   4.0896790570508465e+06
  9.2803723042109362e-03   3.0522685421792185e+06   4.0945696177301221e+06
  9.2862133402822067e-03   3.0566570620484659e+06   4.0994668502126257e+06
  9.2920543763534806e-03   3.0610653791259155e+06   4.1043707464085896e+06
  9.2978954124247511e-03   3.0654935527099352e+06   4.1092812976903254e+06
  9.3037364484960215e-03   3.0699416443374357e+06   4.1141984957968821e+06
  9.3095774845672954e-03   3.0744097128648264e+06   4.1191223319147318e+06
  9.3154185206385659e-03   3.0788978193972120e+06   4.1240527975786575e+06
  9.3212595567098364e-03   3.0834060223424300e+06   4.1289898838063711e+06
  9.3271005927811103e-03   3.0879343823184501e+06   4.1339335819286401e+06
  9.3329416288523807e-03   3.0924829572853688e+06   4.1388838827983774e+06
  9.3387826649236512e-03   3.0970518073128480e+06   4.1438407775218412e+06
  9.3446237009949251e-03   3.1016409899174566e+06   4.1488042567903167e+06
  9.3504647370661956e-03   3.1062505645509437e+06   4.1537743114800383e+06
  9.3563057731374660e-03   3.1108805883051190e+06   4.1587509321215767e+06
  9.3621468092087400e-03   3.1155311199328359e+06   4.1637341093618185e+06
  9.3679878452800104e-03   3.1202022161251507e+06   4.1687238335604281e+06
  9.3738288813512843e-03   3.1248939348378461e+06   4.1737200951367039e+06
  9.3796699174225548e-03   3.1296063324015136e+06   4.1787228842756017e+06
  9.3855109534938252e-03   3.1343394658757029e+06   4.1837321911445535e+06
  9.3913519895650992e-03   3.1390933912685835e+06   4.1887480057908264e+06
  9.3971930256363696e-03   3.1438681646313630e+06   4.1937703180929404e+06
  9.4030340617076401e-03   3.1486638416985455e+06   4.1987991179683488e+06
  9.4088750977789140e-03   3.1534804774031341e+06   4.2038343950116215e+06
  9.4147161338501845e-03   3.1583181272384152e+06   4.2088761389965564e+06
  9.4205571699214549e-03   3.1631768449343210e+06   4.2139243392361822e+06
  9.4263982059927288e-03   3.1680566857428919e+06   4.2189789853514004e+06
  9.4322392420639993e-03   3.1729577021377217e+06   4.2240400663773818e+06
  9.4380802781352698e-03   3.1778799490847001e+06   4.2291075717645613e+06
  9.4439213142065437e-03   3.1828234778186399e+06   4.2341814902810864e+06
  9.4497623502778141e-03   3.1877883428702266e+06   4.2392618111957982e+06
  9.4556033863490846e-03   3.1927745943856537e+06   4.2443485230332119e+06
  9.4614444224203585e-03   3.1977822861599405e+06   4.2494416148218038e+06
  9.4672854584916290e-03   3.2028114675561409e+06   4.2545410748992320e+06
  9.4731264945629029e-03   3.2078621912106518e+06   4.2596468919847384e+06
  9.4789675306341734e-03   3.2129345060619460e+06   4.2647590543063711e+06
  9.4848085667054438e-03   3.2180284631403415e+06   4.2698775502000600e+06
  9.4906496027767177e-03   3.2231441113248947e+06   4.2750023678116966e+06
  9.4964906388479882e-03   3.2282814996324941e+06   4.2801334950886564e+06
  9.5023316749192586e-03   3.2334406771502113e+06   4.2852709200974898e+06
  9.5081727109905326e-03   3.2386216906231223e+06   4.2904146303644711e+06
  9.5140137470618030e-03   3.2438245893745585e+06   4.2955646138876947e+06
  9.5198547831330735e-03   3.2490494179652217e+06   4.3007208578205835e+06
  9.5256958192043474e-03   3.2542962255178103e+06   4.3058833499717889e+06
  9.5315368552756179e-03   3.2595650551107842e+06   4.3110520772669110e+06
  9.5373778913468883e-03   3.2648559545961041e+06   4.3162270271637384e+06
  9.5432189274181622e-03   3.2701689667564533e+06   4.3214081865242673e+06
  9.5490599634894327e-03   3.2755041368472343e+06   4.3265955422871169e+06
  9.5549009995607032e-03   3.2808615084515819e+06   4.3317890813655332e+06
  9.5607420356319771e-03   3.2862411233066814e+06   4.3369887901302511e+06
  9.5665830717032475e-03   3.2916430261819628e+06   4.3421946555096768e+06
  9.5724241077745215e-03   3.2970672554351855e+06   4.3474066634076927e+06
  9.5782651438457919e-03   3.3025138559084302e+06   4.3526248005547673e+06
  9.5841061799170624e-03   3.3079828647306948e+06   4.3578490527292853e+06
  9.5899472159883363e-03   3.3134743239211179e+06   4.3630794060749020e+06
  9.5957882520596068e-03   3.3189882722321199e+06   4.3683158465491710e+06
  9.6016292881308772e-03   3.3245247463324699e+06   4.3735583595152525e+06
  9.6074703242021511e-03   3.3300837877367125e+06   4.3788069310987527e+06
  9.6133113602734216e-03   3.3356654285158459e+06   4.3840615461493349e+06
  9.6191523963446920e-03   3.3412697096763123e+06   4.3893221904268339e+06
  9.6249934324159660e-03   3.3468966644658451e+06   4.3945888489944544e+06
  9.6308344684872364e-03   3.3525463266530731e+06   4.3998615065556671e+06
  9.6366755045585069e-03   3.3582187351511410e+06   4.4051401486582169e+06
  9.6425165406297808e-03   3.3639139162173956e+06   4.4104247592964023e+06
  9.6483575767010513e-03   3.3696319084071247e+06   4.4157153235018095e+06
  9.6541986127723217e-03   3.3753727433257783e+06   4.4210118259882322e+06
  9.6600396488435956e-03   3.3811364445221033e+06   4.4263142501302734e+06
  9.6658806849148661e-03   3.3869230533331153e+06   4.4316225810669530e+06
  9.6717217209861400e-03   3.3927325940015591e+06   4.4369368027052777e+06
  9.6775627570574105e-03   3.3985650881974795e+06   4.4422568979856642e+06
  9.6834037931286809e-03   3.4044205763029307e+06   4.4475828517493205e+06
  9.6892448291999549e-03   3.4102990778066739e+06   4.4529146472532609e+06
  9.6950858652712253e-03   3.4162006144737271e+06   4.4582522671873579e+06
  9.7009269013424958e-03   3.4221252223512577e+06   4.4635956958904369e+06
  9.7067679374137697e-03   3.4280729166078959e+06   4.4689449158896729e+06
  9.7126089734850402e-03   3.4340437211191384e+06   4.4742999098324543e+06
  9.7184500095563106e-03   3.4400376666169190e+06   4.4796606614790251e+06
  9.7242910456275845e-03   3.4460547633190625e+06   4.4850271526213540e+06
  9.7301320816988550e-03   3.4520950365855084e+06   4.4903993658569744e+06
  9.7359731177701254e-03   3.4581585101037761e+06   4.4957772841888433e+06
  9.7418141538413994e-03   3.4642451920803804e+06   4.5011608887923677e+06
  9.7476551899126698e-03   3.4703551092087361e+06   4.5065501623130040e+06
  9.7534962259839403e-03   3.4764882766353614e+06   4.5119450868324591e+06
  9.7593372620552142e-03   3.4826447023022291e+06   4.5173456431300156e+06
  9.7651782981264847e-03   3.4888244104331280e+06   4.5227518136351649e+06
  9.7710193341977586e-03   3.4950274080985985e+06   4.5281635793512724e+06
  9.7768603702690290e-03   3.5012537074687937e+06   4.5335809211506778e+06
  9.7827014063402995e-03   3.5075033262717882e+06   4.5390038208914967e+06
  9.7885424424115734e-03   3.5137762651132578e+06   4.5444322586013684e+06
  9.7943834784828439e-03   3.5200725392361805e+06   4.5498662153490959e+06
  9.8002245145541143e-03   3.5263921564922910e+06   4.5553056719340645e+06
  9.8060655506253883e-03   3.5327351178785223e+06   4.5607506079807486e+06
  9.8119065866966587e-03   3.5391014372650082e+06   4.5662010044940403e+06
  9.8177476227679292e-03   3.5454911123399036e+06   4.5716568410453238e+06
  9.8235886588392031e-03   3.5519041481181025e+06   4.5771180973875960e+06
  9.8294296949104736e-03   3.5583405499498574e+06   4.5825847537547266e+06
  9.8352707309817440e-03   3.5648003116574655e+06   4.5880567888636095e+06
  9.8411117670530179e-03   3.5712834402662893e+06   4.5935341827100245e+06
  9.8469528031242884e-03   3.5777899294676399e+06   4.5990169142100913e+06
  9.8527938391955588e-03   3.5843197765179873e+06   4.6045049621056719e+06
  9.8586348752668328e-03   3.5908729810465500e+06   4.6099983057727572e+06
  9.8644759113381032e-03   3.5974495310994890e+06   4.6154969231132390e+06
  9.8703169474093772e-03   3.6040494265294843e+06   4.6210007931705555e+06
  9.8761579834806476e-03   3.6106726548513826e+06   4.6265098939534081e+06
  9.8819990195519181e-03   3.6173192076391182e+06   4.6320242034158139e+06
  9.8878400556231920e-03   3.6239890765245482e+06   4.6375436999074174e+06
  9.8936810916944624e-03   3.6306822443536408e+06   4.6430683605084531e+06
  9.8995221277657329e-03   3.6373987036197577e+06   4.6485981633871719e+06
  9.9053631638370068e-03   3.6441384341930677e+06   4.6541330854626466e+06
  9.9112041999082773e-03   3.6509014230955397e+06   4.6596731040555611e+06
  9.9170452359795477e-03   3.6576876519769258e+06   4.6652181963001089e+06
  9.9228862720508217e-03   3.6644970997998789e+06   4.6707683385992059e+06
  9.9287273081220921e-03   3.6713297498857309e+06   4.6763235081002237e+06
  9.9345683441933626e-03   3.6781855751348650e+06   4.6818836806538412e+06
  9.9404093802646365e-03   3.6850645571511802e+06   4.6874488329872824e+06
  9.9462504163359070e-03   3.6919666668517222e+06   4.6930189408300361e+06
  9.9520914524071774e-03   3.6988918803304955e+06   4.6985939801463876e+06
  9.9579324884784513e-03   3.7058401688317447e+06   4.7041739267049739e+06
  9.9637735245497218e-03   3.7128115018132902e+06   4.7097587556990404e+06
  9.9696145606209957e-03   3.7198058507083612e+06   4.7153484428226659e+06
  9.9754555966922662e-03   3.7268231792625361e+06   4.7209429626784911e+06
  9.9812966327635366e-03   3.7338634574687695e+06   4.7265422906596558e+06
  9.9871376688348105e-03   3.7409266452934304e+06   4.7321464010267258e+06
  9.9929787049060810e-03   3.7480127091900585e+06   4.7377552686335593e+06
  9.9988197409773515e-03   3.7551216071046540e+06   4.7433688675735807e+06
  1.0004660777048625e-02   3.7622533005239163e+06   4.7489871720611015e+06
  1.0010501813119896e-02   3.7694077460817685e+06   4.7546101560458001e+06
  1.0016342849191166e-02   3.7765848999626208e+06   4.7602377931121951e+06
  1.0022183885262440e-02   3.7837847173690530e+06   4.7658700570212007e+06
  1.0028024921333711e-02   3.7910071494538398e+06   4.7715069207976963e+06
  1.0033865957404981e-02   3.7982521494508563e+06   4.7771483579254914e+06
  1.0039706993476255e-02   3.8055196640048227e+06   4.7827943409597222e+06
  1.0045548029547526e-02   3.8128096437230404e+06   4.7884448430243293e+06
  1.0051389065618796e-02   3.8201220312830522e+06   4.7940998362608170e+06
  1.0057230101690070e-02   3.8274567740548700e+06   4.7997592933795620e+06
  1.0063071137761340e-02   3.8348138112179604e+06   4.8054231861579418e+06
  1.0068912173832614e-02   3.8421930864140056e+06   4.8110914868473923e+06
  1.0074753209903885e-02   3.8495945355961109e+06   4.8167641669032937e+06
  1.0080594245975155e-02   3.8570180984194283e+06   4.8224411980872098e+06
  1.0086435282046429e-02   3.8644637076702318e+06   4.8281225515199052e+06
  1.0092276318117700e-02   3.8719312989346655e+06   4.8338081984989103e+06
  1.0098117354188970e-02   3.8794208017678210e+06   4.8394981098023159e+06
  1.0103958390260244e-02   3.8869321477020453e+06   4.8451922562603159e+06
  1.0109799426331514e-02   3.8944652629235787e+06   4.8508906082896842e+06
  1.0115640462402785e-02   3.9020200749730873e+06   4.8565931362816319e+06
  1.0121481498474059e-02   3.9095965065131336e+06   4.8622998102674913e+06
  1.0127322534545329e-02   3.9171944811607553e+06   4.8680106002213499e+06
  1.0133163570616600e-02   3.9248139179044040e+06   4.8737254757708814e+06
  1.0139004606687874e-02   3.9324547365004923e+06   4.8794444064714927e+06
  1.0144845642759144e-02   3.9401168521194044e+06   4.8851673615418132e+06
  1.0150686678830415e-02   3.9478001807182794e+06   4.8908943101430451e+06
  1.0156527714901688e-02   3.9555046335213142e+06   4.8966252210678570e+06
  1.0162368750972959e-02   3.9632301227211258e+06   4.9023600630849665e+06
  1.0168209787044233e-02   3.9709765555032897e+06   4.9080988045503879e+06
  1.0174050823115503e-02   3.9787438403035332e+06   4.9138414138587462e+06
  1.0179891859186774e-02   3.9865318802108108e+06   4.9195878589137960e+06
  1.0185732895258048e-02   3.9943405798659199e+06   4.9253381077468432e+06
  1.0191573931329318e-02   4.0021698382628635e+06   4.9310921278103543e+06
  1.0197414967400589e-02   4.0100195561538851e+06   4.9368498867632737e+06
  1.0203256003471863e-02   4.0178896285094130e+06   4.9426113516138764e+06
  1.0209097039543133e-02   4.0257799520203033e+06   4.9483764896339010e+06
  1.0214938075614403e-02   4.0336904177978910e+06   4.9541452674197126e+06
  1.0220779111685677e-02   4.0416209182265252e+06   4.9599176518275039e+06
  1.0226620147756948e-02   4.0495713407616685e+06   4.9656936090684440e+06
  1.0232461183828218e-02   4.0575415732360398e+06   4.9714731055530095e+06
  1.0238302219899492e-02   4.0655314996305648e+06   4.9772561071340004e+06
  1.0244143255970763e-02   4.0735410030334136e+06   4.9830425797571847e+06
  1.0249984292042033e-02   4.0815699640625110e+06   4.9888324889489003e+06
  1.0255825328113307e-02   4.0896182609684449e+06   4.9946258001575842e+06
  1.0261666364184577e-02   4.0976857710023741e+06   5.0004224786051624e+06
  1.0267507400255851e-02   4.1057723676317087e+06   5.0062224892319078e+06
  1.0273348436327122e-02   4.1138779245540844e+06   5.0120257969636004e+06
  1.0279189472398392e-02   4.1220023107389607e+06   5.0178323662506239e+06
  1.0285030508469666e-02   4.1301453959020553e+06   5.0236421616788097e+06
  1.0290871544540937e-02   4.1383070450544106e+06   5.0294551472813683e+06
  1.0296712580612207e-02   4.1464871233459800e+06   5.0352712872363357e+06
  1.0302553616683481e-02   4.1546854923326341e+06   5.0410905452205008e+06
  1.0308394652754752e-02   4.1629020122069516e+06   5.0469128849403355e+06
  1.0314235688826022e-02   4.1711365412883335e+06   5.0527382697937824e+06
  1.0320076724897296e-02   4.1793889347798647e+06   5.0585666629690686e+06
  1.0325917760968566e-02   4.1876590475932518e+06   5.0643980275925072e+06
  1.0331758797039837e-02   4.1959467303579170e+06   5.0702323263667841e+06
  1.0337599833111111e-02   4.2042518339643311e+06   5.0760695220986130e+06
  1.0343440869182381e-02   4.2125742052697102e+06   5.0819095770961652e+06
  1.0349281905253652e-02   4.2209136903857645e+06   5.0877524537397092e+06
  1.0355122941324926e-02   4.2292701329543535e+06   5.0935981140457289e+06
  1.0360963977396196e-02   4.2376433740524454e+06   5.0994465198943103e+06
  1.0366805013467470e-02   4.2460332540656989e+06   5.1052976330587929e+06
  1.0372646049538740e-02   4.2544396094680829e+06   5.1111514149339106e+06
  1.0378487085610011e-02   4.2628622767013721e+06   5.1170078269846365e+06
  1.0384328121681285e-02   4.2713010885970192e+06   5.1228668302421486e+06
  1.0390169157752555e-02   4.2797558767973864e+06   5.1287283857485410e+06
  1.0396010193823826e-02   4.2882264710551202e+06   5.1345924542658478e+06
  1.0401851229895100e-02   4.2967126981111616e+06   5.1404589963517627e+06
  1.0407692265966370e-02   4.3052143843403896e+06   5.1463279725269396e+06
  1.0413533302037641e-02   4.3137313524275897e+06   5.1521993429255811e+06
  1.0419374338108914e-02   4.3222634244023962e+06   5.1580730677203247e+06
  1.0425215374180185e-02   4.3308104198292121e+06   5.1639491067644106e+06
  1.0431056410251455e-02   4.3393721558811180e+06   5.1698274197582984e+06
  1.0436897446322729e-02   4.3479484490150819e+06   5.1757079663415188e+06
  1.0442738482394000e-02   4.3565391122308504e+06   5.1815907057957789e+06
  1.0448579518465270e-02   4.3651439579483960e+06   5.1874755974363880e+06
  1.0454420554536544e-02   4.3737627960822592e+06   5.1933626002681265e+06
  1.0460261590607815e-02   4.3823954343421943e+06   5.1992516731707137e+06
  1.0466102626679089e-02   4.3910416796636684e+06   5.2051427749387072e+06
  1.0471943662750359e-02   4.3997013357576951e+06   5.2110358640452055e+06
  1.0477784698821629e-02   4.4083742056127656e+06   5.2169308989897976e+06
  1.0483625734892903e-02   4.4170600900504459e+06   5.2228278379892837e+06
  1.0489466770964174e-02   4.4257587875321778e+06   5.2287266391132697e+06
  1.0495307807035444e-02   4.4344700959210536e+06   5.2346272603899771e+06
  1.0501148843106718e-02   4.4431938101292569e+06   5.2405296595309386e+06
  1.0506989879177989e-02   4.4519297239837889e+06   5.2464337942401487e+06
  1.0512830915249259e-02   4.4606776297707660e+06   5.2523396220325045e+06
  1.0518671951320533e-02   4.4694373171499996e+06   5.2582471002001064e+06
  1.0524512987391803e-02   4.4782085752890157e+06   5.2641561860539913e+06
  1.0530354023463074e-02   4.4869911909419363e+06   5.2700668366140528e+06
  1.0536195059534348e-02   4.4957849491584664e+06   5.2759790088274665e+06
  1.0542036095605618e-02   4.5045896341793668e+06   5.2818926595573807e+06
  1.0547877131676889e-02   4.5134050276352167e+06   5.2878077454113318e+06
  1.0553718167748163e-02   4.5222309102614336e+06   5.2937242229879359e+06
  1.0559559203819433e-02   4.5310670613479316e+06   5.2996420487159807e+06
  1.0565400239890707e-02   4.5399132578842463e+06   5.3055611788340276e+06
  1.0571241275961978e-02   4.5487692763626464e+06   5.3114815695962608e+06
  1.0577082312033248e-02   4.5576348913231203e+06   5.3174031770244725e+06
  1.0582923348104522e-02   4.5665098755642613e+06   5.3233259570360258e+06
  1.0588764384175792e-02   4.5753940013538552e+06   5.3292498655280937e+06
  1.0594605420247063e-02   4.5842870388218649e+06   5.3351748581587551e+06
  1.0600446456318337e-02   4.5931887569054188e+06   5.3411008905537799e+06
  1.0606287492389607e-02   4.6020989237739341e+06   5.3470279182573333e+06
  1.0612128528460878e-02   4.6110173055235771e+06   5.3529558966134517e+06
  1.0617969564532152e-02   4.6199436674708268e+06   5.3588847809639722e+06
  1.0623810600603422e-02   4.6288777739299517e+06   5.3648145265378822e+06
  1.0629651636674693e-02   4.6378193873287831e+06   5.3707450883968277e+06
  1.0635492672745966e-02   4.6467682695879852e+06   5.3766764216126315e+06
  1.0641333708817237e-02   4.6557241814755388e+06   5.3826084811277427e+06
  1.0647174744888507e-02   4.6646868821005803e+06   5.3885412217497183e+06
  1.0653015780959781e-02   4.6736561302330885e+06   5.3944745983094694e+06
  1.0658856817031052e-02   4.6826316834391337e+06   5.4004085654947078e+06
  1.0664697853102326e-02   4.6916132978477869e+06   5.4063430778905218e+06
  1.0670538889173596e-02   4.7006007293545976e+06   5.4122780901071569e+06
  1.0676379925244867e-02   4.7095937326896433e+06   5.4182135566117112e+06
  1.0682220961316140e-02   4.7185920613353224e+06   5.4241494317983547e+06
  1.0688061997387411e-02   4.7275954686236484e+06   5.4300856700781342e+06
  1.0693903033458681e-02   4.7366037068245867e+06   5.4360222257434763e+06
  1.0699744069529955e-02   4.7456165271128956e+06   5.4419590530137364e+06
  1.0705585105601226e-02   4.7546336805939041e+06   5.4478961061396636e+06
  1.0711426141672496e-02   4.7636549174605105e+06   5.4538333392660292e+06
  1.0717267177743770e-02   4.7726799869353212e+06   5.4597707064745557e+06
  1.0723108213815041e-02   4.7817086382479323e+06   5.4657081618842511e+06
  1.0728949249886311e-02   4.7907406199070774e+06   5.4716456595245041e+06
  1.0734790285957585e-02   4.7997756795581840e+06   5.4775831533685680e+06
  1.0740631322028855e-02   4.8088135649144370e+06   5.4835205974395992e+06
  1.0746472358100126e-02   4.8178540231987173e+06   5.4894579456895869e+06
  1.0752313394171400e-02   4.8268968008796070e+06   5.4953951520180926e+06
  1.0758154430242670e-02   4.8359416445187228e+06   5.5013321703739967e+06
  1.0763995466313944e-02   4.8449883004563488e+06   5.5072689546709005e+06
  1.0769836502385215e-02   4.8540365144047774e+06   5.5132054587738160e+06
  1.0775677538456485e-02   4.8630860321494108e+06   5.5191416365866475e+06
  1.0781518574527759e-02   4.8721365995496660e+06   5.5250774420256754e+06
  1.0787359610599030e-02   4.8811879619977260e+06   5.5310128289504526e+06
  1.0793200646670300e-02   4.8902398649006765e+06   5.5369477512581637e+06
  1.0799041682741574e-02   4.8992920540276673e+06   5.5428821628906783e+06
  1.0804882718812844e-02   4.9083442748905467e+06   5.5488160177549738e+06
  1.0810723754884115e-02   4.9173962729597455e+06   5.5547492697715294e+06
  1.0816564790955389e-02   4.9264477942811111e+06   5.5606818729443178e+06
  1.0822405827026659e-02   4.9354985849153921e+06   5.5666137812553495e+06
  1.0828246863097930e-02   4.9445483909024056e+06   5.5725449487009495e+06
  1.0834087899169204e-02   4.9535969589004889e+06   5.5784753293650495e+06
  1.0839928935240474e-02   4.9626440359439142e+06   5.5844048773494158e+06
  1.0845769971311744e-02   4.9716893691574354e+06   5.5903335467704199e+06
  1.0851611007383018e-02   4.9807327061885204e+06   5.5962612918170420e+06
  1.0857452043454289e-02   4.9897737954384359e+06   5.6021880667502293e+06
  1.0863293079525563e-02   4.9988123855974190e+06   5.6081138258497640e+06
  1.0869134115596833e-02   5.0078482257865677e+06   5.6140385234471057e+06
  1.0874975151668104e-02   5.0168810661026984e+06   5.6199621139854155e+06
  1.0880816187739378e-02   5.0259106572375707e+06   5.6258845519481394e+06
  1.0886657223810648e-02   5.0349367503699511e+06   5.6318057918695984e+06
  1.0892498259881919e-02   5.0439590975923212e+06   5.6377257883883640e+06
  1.0898339295953192e-02   5.0529774520059237e+06   5.6436444962338302e+06
  1.0904180332024463e-02   5.0619915673688035e+06   5.6495618701860923e+06
  1.0910021368095733e-02   5.0710011982343625e+06   5.6554778651170572e+06
  1.0915862404167007e-02   5.0800061004209844e+06   5.6613924360240810e+06
  1.0921703440238278e-02   5.0890060307023739e+06   5.6673055379828280e+06
  1.0927544476309548e-02   5.0980007467098376e+06   5.6732171261503575e+06
  1.0933385512380822e-02   5.1069900072471034e+06   5.6791271558070462e+06
  1.0939226548452093e-02   5.1159735724892532e+06   5.6850355823592916e+06
  1.0945067584523363e-02   5.1249512036528010e+06   5.6909423613032037e+06
  1.0950908620594637e-02   5.1339226630519899e+06   5.6968474482401842e+06
  1.0956749656665907e-02   5.1428877145003034e+06   5.7027507989242179e+06
  1.0962590692737181e-02   5.1518461232116530e+06   5.7086523692366313e+06
  1.0968431728808452e-02   5.1607976556155095e+06   5.7145521151567260e+06
  1.0974272764879722e-02   5.1697420794980414e+06   5.7204499928055499e+06
  1.0980113800950996e-02   5.1786791643640883e+06   5.7263459584698100e+06
  1.0985954837022267e-02   5.1876086811906938e+06   5.7322399685582891e+06
  1.0991795873093537e-02   5.1965304023654126e+06   5.7381319796183622e+06
  1.0997636909164811e-02   5.2054441018866086e+06   5.7440219483495690e+06
  1.1003477945236081e-02   5.2143495556144733e+06   5.7499098316281009e+06
  1.1009318981307352e-02   5.2232465410082676e+06   5.7557955864713592e+06
  1.1015160017378626e-02   5.2321348371268706e+06   5.7616791700441903e+06
  1.1021001053449896e-02   5.2410142248656778e+06   5.7675605396921355e+06
  1.1026842089521167e-02   5.2498844871009281e+06   5.7734396529467348e+06
  1.1032683125592441e-02   5.2587454084613165e+06   5.7793164674896076e+06
  1.1038524161663711e-02   5.2675967753580343e+06   5.7851909411741216e+06
  1.1044365197734982e-02   5.2764383762179064e+06   5.7910630320516322e+06
  1.1050206233806256e-02   5.2852700015796237e+06   5.7969326983640259e+06
  1.1056047269877526e-02   5.2940914438916883e+06   5.8027998985283691e+06
  1.1061888305948800e-02   5.3029024975493401e+06   5.8086645911449399e+06
  1.1067729342020070e-02   5.3117029591153841e+06   5.8145267350244559e+06
  1.1073570378091341e-02   5.3204926273976173e+06   5.8203862891860688e+06
  1.1079411414162615e-02   5.3292713032693956e+06   5.8262432128392002e+06
  1.1085252450233885e-02   5.3380387897023391e+06   5.8320974653865360e+06
  1.1091093486305156e-02   5.3467948919538828e+06   5.8379490064612878e+06
  1.1096934522376430e-02   5.3555394176662564e+06   5.8437977959152451e+06
  1.1102775558447700e-02   5.3642721766977608e+06   5.8496437938031014e+06
  1.1108616594518970e-02   5.3729929811407626e+06   5.8554869603987727e+06
  1.1114457630590244e-02   5.3817016454613674e+06   5.8613272562008370e+06
  1.1120298666661515e-02   5.3903979866502108e+06   5.8671646419507321e+06
  1.1126139702732785e-02   5.3990818240568861e+06   5.8729990786112733e+06
  1.1131980738804059e-02   5.4077529793857411e+06   5.8788305273684235e+06
  1.1137821774875330e-02   5.4164112767878165e+06   5.8846589496478736e+06
  1.1143662810946600e-02   5.4250565430547325e+06   5.8904843071330329e+06
  1.1149503847017874e-02   5.4336886074736677e+06   5.8963065617390694e+06
  1.1155344883089145e-02   5.4423073018034007e+06   5.9021256756222453e+06
  1.1161185919160418e-02   5.4509124603165817e+06   5.9079416111864094e+06
  1.1167026955231689e-02   5.4595039199809488e+06   5.9137543310954375e+06
  1.1172867991302959e-02   5.4680815204173950e+06   5.9195637982750852e+06
  1.1178709027374233e-02   5.4766451038162597e+06   5.9253699758949187e+06
  1.1184550063445504e-02   5.4851945149530144e+06   5.9311728273834847e+06
  1.1190391099516774e-02   5.4937296013078215e+06   5.9369723164373748e+06
  1.1196232135588048e-02   5.5022502131564124e+06   5.9427684070290597e+06
  1.1202073171659319e-02   5.5107562034288729e+06   5.9485610633904478e+06
  1.1207914207730589e-02   5.5192474277224941e+06   5.9543502500180686e+06
  1.1213755243801863e-02   5.5277237443380617e+06   5.9601359316836139e+06
  1.1219596279873133e-02   5.5361850144288205e+06   5.9659180734432461e+06
  1.1225437315944404e-02   5.5446311019307133e+06   5.9716966406318778e+06
  1.1231278352015678e-02   5.5530618734964114e+06   5.9774715988583295e+06
  1.1237119388086948e-02   5.5614771985160913e+06   5.9832429140086593e+06
  1.1242960424158222e-02   5.5698769491977412e+06   5.9890105522591695e+06
  1.1248801460229493e-02   5.5782610006469665e+06   5.9947744800813841e+06
  1.1254642496300763e-02   5.5866292307522986e+06   6.0005346642311616e+06
  1.1260483532372037e-02   5.5949815201693987e+06   6.0062910717476662e+06
  1.1266324568443307e-02   5.6033177523474516e+06   6.0120436699636253e+06
  1.1272165604514578e-02   5.6116378136259262e+06   6.0177924265143257e+06
  1.1278006640585852e-02   5.6199415932352794e+06   6.0235373093319815e+06
  1.1283847676657122e-02   5.6282289831910245e+06   6.0292782866422953e+06
  1.1289688712728393e-02   5.6364998783158055e+06   6.0350153269710746e+06
  1.1295529748799667e-02   5.6447541762445122e+06   6.0407483991410462e+06
  1.1301370784870937e-02   5.6529917775344746e+06   6.0464774722856767e+06
  1.1307211820942208e-02   5.6612125856033117e+06   6.0522025158466296e+06
  1.1313052857013482e-02   5.6694165066587422e+06   6.0579234995650919e+06
  1.1318893893084752e-02   5.6776034497096715e+06   6.0636403934833501e+06
  1.1324734929156022e-02   5.6857733265846474e+06   6.0693531679575760e+06
  1.1330575965227296e-02   5.6939260520176077e+06   6.0750617936592028e+06
  1.1336417001298567e-02   5.7020615435640225e+06   6.0807662415670371e+06
  1.1342258037369841e-02   5.7101797215573024e+06   6.0864664829728883e+06
  1.1348099073441111e-02   5.7182805090974225e+06   6.0921624894751357e+06
  1.1353940109512382e-02   5.7263638320844024e+06   6.0978542329874551e+06
  1.1359781145583656e-02   5.7344296192718865e+06   6.1035416857441217e+06
  1.1365622181654926e-02   5.7424778021941911e+06   6.1092248202975346e+06
  1.1371463217726197e-02   5.7505083151171450e+06   6.1149036095090844e+06
  1.1377304253797470e-02   5.7585210950317159e+06   6.1205780265559889e+06
  1.1383145289868741e-02   5.7665160816516858e+06   6.1262480449337941e+06
  1.1388986325940011e-02   5.7744932175009632e+06   6.1319136384627735e+06
  1.1394827362011285e-02   5.7824524478077022e+06   6.1375747812799895e+06
  1.1400668398082556e-02   5.7903937204736639e+06   6.1432314478397984e+06
  1.1406509434153826e-02   5.7983169860481126e+06   6.1488836129135741e+06
  1.1412350470225100e-02   5.8062221977346502e+06   6.1545312515898542e+06
  1.1418191506296371e-02   5.8141093114326280e+06   6.1601743392866980e+06
  1.1424032542367641e-02   5.8219782856935645e+06   6.1658128517390070e+06
  1.1429873578438915e-02   5.8298290816408740e+06   6.1714467650003545e+06
  1.1435714614510185e-02   5.8376616629730994e+06   6.1770760554445032e+06
  1.1441555650581459e-02   5.8454759959242595e+06   6.1827006997627504e+06
  1.1447396686652730e-02   5.8532720493138842e+06   6.1883206749681933e+06
  1.1453237722724000e-02   5.8610497945178729e+06   6.1939359583994793e+06
  1.1459078758795274e-02   5.8688092054006075e+06   6.1995465277139405e+06
  1.1464919794866545e-02   5.8765502582761170e+06   6.2051523608823596e+06
  1.1470760830937815e-02   5.8842729318900118e+06   6.2107534361968003e+06
  1.1476601867009089e-02   5.8919772074189940e+06   6.2163497322680689e+06
  1.1482442903080359e-02   5.8996630684982007e+06   6.2219412280283403e+06
  1.1488283939151630e-02   5.9073305011382829e+06   6.2275279027295532e+06
  1.1494124975222904e-02   5.9149794936732138e+06   6.2331097359369071e+06
  1.1499966011294174e-02   5.9226100367487231e+06   6.2386867075322689e+06
  1.1505807047365445e-02   5.9302221232861988e+06   6.2442587977114851e+06
  1.1511648083436719e-02   5.9378157485155892e+06   6.2498259869906008e+06
  1.1517489119507989e-02   5.9453909099320685e+06   6.2553882562026214e+06
  1.1523330155579260e-02   5.9529476072267052e+06   6.2609455864881426e+06
  1.1529171191650534e-02   5.9604858422562145e+06   6.2664979593041353e+06
  1.1535012227721804e-02   5.9680056190136857e+06   6.2720453564179512e+06
  1.1540853263793078e-02   5.9755069436002821e+06   6.2775877599047320e+06
  1.1546694299864348e-02   5.9829898242794322e+06   6.2831251521583470e+06
  1.1552535335935619e-02   5.9904542713543074e+06   6.2886575158760445e+06
  1.1558376372006893e-02   5.9979002971633309e+06   6.2941848340652529e+06
  1.1564217408078163e-02   6.0053279160176842e+06   6.2997070900375182e+06
  1.1570058444149434e-02   6.0127371441752678e+06   6.3052242674071724e+06
  1.1575899480220708e-02   6.0201279998519132e+06   6.3107363500969894e+06
  1.1581740516291978e-02   6.0275005032040989e+06   6.3162433223353028e+06
  1.1587581552363248e-02   6.0348546762512987e+06   6.3217451686503589e+06
  1.1593422588434522e-02   6.0421905428314907e+06   6.3272418738647923e+06
  1.1599263624505793e-02   6.0495081285817139e+06   6.3327334231049363e+06
  1.1605104660577063e-02   6.0568074608978676e+06   6.3382198017930705e+06
  1.1610945696648337e-02   6.0640885689241271e+06   6.3437009956445638e+06
  1.1616786732719608e-02   6.0713514835547479e+06   6.3491769906745898e+06
  1.1622627768790878e-02   6.0785962373397155e+06   6.3546477731897151e+06
  1.1628468804862152e-02   6.0858228644614732e+06   6.3601133297840878e+06
  1.1634309840933423e-02   6.0930314006856233e+06   6.3655736473436849e+06
  1.1640150877004696e-02   6.1002218833437171e+06   6.3710287130355276e+06
  1.1645991913075967e-02   6.1073943513233121e+06   6.3764785143199554e+06
  1.1651832949147237e-02   6.1145488450413300e+06   6.3819230389389088e+06
  1.1657673985218511e-02   6.1216854063870404e+06   6.3873622749199783e+06
  1.1663515021289782e-02   6.1288040786603298e+06   6.3927962105653109e+06
  1.1669356057361052e-02   6.1359049065628611e+06   6.3982248344570789e+06
  1.1675197093432326e-02   6.1429879361481536e+06   6.4036481354544302e+06
  1.1681038129503597e-02   6.1500532148220483e+06   6.4090661026902394e+06
  1.1686879165574867e-02   6.1571007913139099e+06   6.4144787255717497e+06
  1.1692720201646141e-02   6.1641307156296214e+06   6.4198859937785836e+06
  1.1698561237717411e-02   6.1711430389889237e+06   6.4252878972556097e+06
  1.1704402273788682e-02   6.1781378138045343e+06   6.4306844262164924e+06
  1.1710243309859956e-02   6.1851150936470414e+06   6.4360755711349742e+06
  1.1716084345931226e-02   6.1920749332199283e+06   6.4414613227491649e+06
  1.1721925382002497e-02   6.1990173883735323e+06   6.4468416720633246e+06
  1.1727766418073771e-02   6.2059425160208056e+06   6.4522166103334874e+06
  1.1733607454145041e-02   6.2128503741032323e+06   6.4575861290758634e+06
  1.1739448490216315e-02   6.2197410215500919e+06   6.4629502200562442e+06
  1.1745289526287585e-02   6.2266145182642406e+06   6.4683088752959184e+06
  1.1751130562358856e-02   6.2334709250792479e+06   6.4736620870621335e+06
  1.1756971598430130e-02   6.2403103037617877e+06   6.4790098478723932e+06
  1.1762812634501400e-02   6.2471327169684889e+06   6.4843521504880255e+06
  1.1768653670572671e-02   6.2539382282023393e+06   6.4896889879159890e+06
  1.1774494706643945e-02   6.2607269017614536e+06   6.4950203533995142e+06
  1.1780335742715215e-02   6.2674988027225742e+06   6.5003462404223345e+06
  1.1786176778786486e-02   6.2742539969143663e+06   6.5056666427036058e+06
  1.1792017814857760e-02   6.2809925508878101e+06   6.5109815541927516e+06
  1.1797858850929030e-02   6.2877145319255497e+06   6.5162909690785743e+06
  1.1803699887000300e-02   6.2944200079719601e+06   6.5215948817739366e+06
  1.1809540923071574e-02   6.3011090475933691e+06   6.5268932869201507e+06
  1.1815381959142845e-02   6.3077817199493907e+06   6.5321861793797314e+06
  1.1821222995214115e-02   6.3144380947833853e+06   6.5374735542408191e+06
  1.1827064031285389e-02   6.3210782423742395e+06   6.5427554068057453e+06
  1.1832905067356660e-02   6.3277022335570771e+06   6.5480317326021241e+06
  1.1838746103427934e-02   6.3343101396640241e+06   6.5533025273658540e+06
  1.1844587139499204e-02   6.3409020324986698e+06   6.5585677870530644e+06
  1.1850428175570474e-02   6.3474779842835218e+06   6.5638275078207478e+06
  1.1856269211641748e-02   6.3540380676650889e+06   6.5690816860417034e+06
  1.1862110247713019e-02   6.3605823556572348e+06   6.5743303182867514e+06
  1.1867951283784289e-02   6.3671109216592032e+06   6.5795734013365135e+06
  1.1873792319855563e-02   6.3736238394182948e+06   6.5848109321683282e+06
  1.1879633355926834e-02   6.3801211830029944e+06   6.5900429079600116e+06
  1.1885474391998104e-02   6.3866030267669540e+06   6.5952693260863079e+06
  1.1891315428069378e-02   6.3930694453234142e+06   6.6004901841141013e+06
  1.1897156464140649e-02   6.3995205135148158e+06   6.6057054798017563e+06
  1.1902997500211919e-02   6.4059563063979512e+06   6.6109152110926313e+06
  1.1908838536283193e-02   6.4123768992428724e+06   6.6161193761224393e+06
  1.1914679572354463e-02   6.4187823675099257e+06   6.6213179732085420e+06
  1.1920520608425734e-02   6.4251727868161816e+06   6.6265110008538486e+06
  1.1926361644497008e-02   6.4315482328928402e+06   6.6316984577356083e+06
  1.1932202680568278e-02   6.4379087815839462e+06   6.6368803427119711e+06
  1.1938043716639552e-02   6.4442545088047795e+06   6.6420566548102954e+06
  1.1943884752710823e-02   6.4505854905503411e+06   6.6472273932358213e+06
  1.1949725788782093e-02   6.4569018028725274e+06   6.6523925573633648e+06
  1.1955566824853367e-02   6.4632035218705069e+06   6.6575521467358740e+06
  1.1961407860924637e-02   6.4694907236503065e+06   6.6627061610601014e+06
  1.1967248896995908e-02   6.4757634843053119e+06   6.6678546002057986e+06
  1.1973089933067182e-02   6.4820218798984550e+06   6.6729974642066453e+06
  1.1978930969138452e-02   6.4882659864444528e+06   6.6781347532526376e+06
  1.1984772005209723e-02   6.4944958798929555e+06   6.6832664676891249e+06
  1.1990613041280997e-02   6.5007116361337285e+06   6.6883926080175946e+06
  1.1996454077352267e-02   6.5069133309801435e+06   6.6935131748915380e+06
  1.2002295113423538e-02   6.5131010401310809e+06   6.6986281691164104e+06
  1.2008136149494811e-02   6.5192748391564181e+06   6.7037375916434219e+06
  1.2013977185566082e-02   6.5254348034753073e+06   6.7088414435659684e+06
  1.2019818221637352e-02   6.5315810083537968e+06   6.7139397261238825e+06
  1.2025659257708626e-02   6.5377135288842088e+06   6.7190324406973543e+06
  1.2031500293779897e-02   6.5438324399935110e+06   6.7241195888051111e+06
  1.2037341329851171e-02   6.5499378164202105e+06   6.7292011721037421e+06
  1.2043182365922441e-02   6.5560297326962827e+06   6.7342771923826393e+06
  1.2049023401993712e-02   6.5621082631219206e+06   6.7393476515657334e+06
  1.2054864438064986e-02   6.5681734817666821e+06   6.7444125517064165e+06
  1.2060705474136256e-02   6.5742254624446575e+06   6.7494718949864674e+06
  1.2066546510207526e-02   6.5802642787076188e+06   6.7545256837124126e+06
  1.2072387546278800e-02   6.5862900038474090e+06   6.7595739203139413e+06
  1.2078228582350071e-02   6.5923027108978424e+06   6.7646166073458875e+06
  1.2084069618421341e-02   6.5983024726052508e+06   6.7696537474862635e+06
  1.2089910654492615e-02   6.6042893613988971e+06   6.7746853435220513e+06
  1.2095751690563886e-02   6.6102634494051831e+06   6.7797113983657863e+06
  1.2101592726635156e-02   6.6162248084240463e+06   6.7847319150369354e+06
  1.2107433762706430e-02   6.6221735099133253e+06   6.7897468966686409e+06
  1.2113274798777700e-02   6.6281096250203950e+06   6.7947563465079246e+06
  1.2119115834848971e-02   6.6340332245559823e+06   6.7997602679061266e+06
  1.2124956870920245e-02   6.6399443789771814e+06   6.8047586643229816e+06
  1.2130797906991515e-02   6.6458431583802989e+06   6.8097515393239856e+06
  1.2136638943062789e-02   6.6517296324855043e+06   6.8147388965734374e+06
  1.2142479979134060e-02   6.6576038706431556e+06   6.8197207398406109e+06
  1.2148321015205330e-02   6.6634659418066889e+06   6.8246970729881022e+06
  1.2154162051276604e-02   6.6693159145515859e+06   6.8296678999798512e+06
  1.2160003087347875e-02   6.6751538570851693e+06   6.8346332248773379e+06
  1.2165844123419145e-02   6.6809798372096941e+06   6.8395930518306596e+06
  1.2171685159490419e-02   6.6867939223251678e+06   6.8445473850867618e+06
  1.2177526195561689e-02   6.6925961794116041e+06   6.8494962289774921e+06
  1.2183367231632960e-02   6.6983866750381878e+06   6.8544395879251454e+06
  1.2189208267704234e-02   6.7041654753467394e+06   6.8593774664393002e+06
  1.2195049303775504e-02   6.7099326460578628e+06   6.8643098691136558e+06
  1.2200890339846775e-02   6.7156882524824087e+06   6.8692368006253038e+06
  1.2206731375918049e-02   6.7214323595043188e+06   6.8741582657345273e+06
  1.2212572411989319e-02   6.7271650315794358e+06   6.8790742692805305e+06
  1.2218413448060590e-02   6.7328863327158513e+06   6.8839848161828965e+06
  1.2224254484131863e-02   6.7385963264744841e+06   6.8888899114326211e+06
  1.2230095520203134e-02   6.7442950759767685e+06   6.8937895600997964e+06
  1.2235936556274408e-02   6.7499826438918868e+06   6.8986837673297897e+06
  1.2241777592345678e-02   6.7556590924551459e+06   6.9035725383358644e+06
  1.2247618628416949e-02   6.7613244834667481e+06   6.9084558784076432e+06
  1.2253459664488223e-02   6.7669788782670368e+06   6.9133337928957324e+06
  1.2259300700559493e-02   6.7726223377526402e+06   6.9182062872301796e+06
  1.2265141736630764e-02   6.7782549223464103e+06   6.9230733668941688e+06
  1.2270982772702037e-02   6.7838766920254221e+06   6.9279350374467224e+06
  1.2276823808773308e-02   6.7894877062964886e+06   6.9327913045019656e+06
  1.2282664844844578e-02   6.7950880242232094e+06   6.9376421737412866e+06
  1.2288505880915852e-02   6.8006777044218946e+06   6.9424876509028599e+06
  1.2294346916987123e-02   6.8062568050591936e+06   6.9473277417894294e+06
  1.2300187953058393e-02   6.8118253838321362e+06   6.9521624522558078e+06
  1.2306028989129667e-02   6.8173834979839185e+06   6.9569917882197779e+06
  1.2311870025200938e-02   6.8229312042828724e+06   6.9618157556449268e+06
  1.2317711061272208e-02   6.8284685590456733e+06   6.9666343605569704e+06
  1.2323552097343482e-02   6.8339956181355920e+06   6.9714476090327110e+06
  1.2329393133414752e-02   6.8395124369666185e+06   6.9762555071970634e+06
  1.2335234169486026e-02   6.8450190705074370e+06   6.9810580612285268e+06
  1.2341075205557297e-02   6.8505155732696159e+06   6.9858552773559755e+06
  1.2346916241628567e-02   6.8560019993012166e+06   6.9906471618503211e+06
  1.2352757277699841e-02   6.8614784021935258e+06   6.9954337210324043e+06
  1.2358598313771112e-02   6.8669448350892030e+06   7.0002149612688385e+06
  1.2364439349842382e-02   6.8724013506714283e+06   7.0049908889689753e+06
  1.2370280385913656e-02   6.8778480011944147e+06   7.0097615105874175e+06
  1.2376121421984927e-02   6.8832848384720860e+06   7.0145268326182626e+06
  1.2381962458056197e-02   6.8887119138747174e+06   7.0192868616005043e+06
  1.2387803494127471e-02   6.8941292783112749e+06   7.0240416041042311e+06
  1.2393644530198741e-02   6.8995369822644703e+06   7.0287910667498419e+06
  1.2399485566270012e-02   6.9049350757609513e+06   7.0335352561872536e+06
  1.2405326602341286e-02   6.9103236083907057e+06   7.0382741791041996e+06
  1.2411167638412556e-02   6.9157026293181702e+06   7.0430078422271740e+06
  1.2417008674483827e-02   6.9210721872905139e+06   7.0477362523131100e+06
  1.2422849710555101e-02   6.9264323306208123e+06   7.0524594161554063e+06
  1.2428690746626371e-02   6.9317831071937550e+06   7.0571773405805267e+06
  1.2434531782697645e-02   6.9371245644614641e+06   7.0618900324452827e+06
  1.2440372818768915e-02   6.9424567494515106e+06   7.0665974986367254e+06
  1.2446213854840186e-02   6.9477797087561116e+06   7.0712997460679067e+06
  1.2452054890911460e-02   6.9530934885835918e+06   7.0759967816922544e+06
  1.2457895926982730e-02   6.9583981347158533e+06   7.0806886124762744e+06
  1.2463736963054001e-02   6.9636936925451588e+06   7.0853752454271056e+06
  1.2469577999125275e-02   6.9689802070391644e+06   7.0900566875705104e+06
  1.2475419035196545e-02   6.9742577227570042e+06   7.0947329459590102e+06
  1.2481260071267816e-02   6.9795262838519821e+06   7.0994040276700780e+06
  1.2487101107339089e-02   6.9847859340744959e+06   7.1040699398032306e+06
  1.2492942143410360e-02   6.9900367167825345e+06   7.1087306894818293e+06
  1.2498783179481630e-02   6.9952786749628019e+06   7.1133862838519951e+06
  1.2504624215552904e-02   7.0005118512154547e+06   7.1180367300837785e+06
  1.2510465251624175e-02   7.0057362877322081e+06   7.1226820353583610e+06
  1.2516306287695445e-02   7.0109520263381395e+06   7.1273222068895558e+06
  1.2522147323766719e-02   7.0161591084575225e+06   7.1319572518992461e+06
  1.2527988359837990e-02   7.0213575751369698e+06   7.1365871776314927e+06
  1.2533829395909264e-02   7.0265474670670405e+06   7.1412119913502932e+06
  1.2539670431980534e-02   7.0317288245792259e+06   7.1458317003342034e+06
  1.2545511468051804e-02   7.0369016876311880e+06   7.1504463118740376e+06
  1.2551352504123078e-02   7.0420660958187170e+06   7.1550558332832372e+06
  1.2557193540194349e-02   7.0472220883722138e+06   7.1596602718857732e+06
  1.2563034576265619e-02   7.0523697041580975e+06   7.1642596350211091e+06
  1.2568875612336893e-02   7.0575089816859048e+06   7.1688539300399041e+06
  1.2574716648408164e-02   7.0626399591330802e+06   7.1734431643085321e+06
  1.2580557684479434e-02   7.0677626743396521e+06   7.1780273452027030e+06
  1.2586398720550708e-02   7.0728771648005843e+06   7.1826064801096292e+06
  1.2592239756621978e-02   7.0779834676681794e+06   7.1871805764314784e+06
  1.2598080792693249e-02   7.0830816197507875e+06   7.1917496415782021e+06
  1.2603921828764523e-02   7.0881716575183533e+06   7.1963136829681592e+06
  1.2609762864835793e-02   7.0932536171045313e+06   7.2008727080272045e+06
  1.2615603900907064e-02   7.0983275343571799e+06   7.2054267241955139e+06
  1.2621444936978338e-02   7.1033934447958153e+06   7.2099757389209569e+06
  1.2627285973049608e-02   7.1084513836049112e+06   7.2145197596486676e+06
  1.2633127009120882e-02   7.1135013856687723e+06   7.2190587938468913e+06
  1.2638968045192153e-02   7.1185434855276942e+06   7.2235928489732286e+06
  1.2644809081263423e-02   7.1235777174303168e+06   7.2281219325061133e+06
  1.2650650117334697e-02   7.1286041153273471e+06   7.2326460519211153e+06
  1.2656491153405967e-02   7.1336227128774794e+06   7.2371652146971133e+06
  1.2662332189477238e-02   7.1386335434432356e+06   7.2416794283233415e+06
  1.2668173225548512e-02   7.1436366400825419e+06   7.2461887002908848e+06
  1.2674014261619782e-02   7.1486320355529012e+06   7.2506930380944936e+06
  1.2679855297691053e-02   7.1536197623107862e+06   7.2551924492273806e+06
  1.2685696333762327e-02   7.1585998525466500e+06   7.2596869411913026e+06
  1.2691537369833597e-02   7.1635723381925868e+06   7.2641765214905329e+06
  1.2697378405904867e-02   7.1685372508792821e+06   7.2686611976213139e+06
  1.2703219441976141e-02   7.1734946219775835e+06   7.2731409770959485e+06
  1.2709060478047412e-02   7.1784444825621080e+06   7.2776158674171036e+06
  1.2714901514118682e-02   7.1833868634306444e+06   7.2820858760893000e+06
  1.2720742550189956e-02   7.1883217951268665e+06   7.2865510106171547e+06
  1.2726583586261227e-02   7.1932493079586709e+06   7.2910112785088243e+06
  1.2732424622332501e-02   7.1981694319703924e+06   7.2954666872710362e+06
  1.2738265658403771e-02   7.2030821969266357e+06   7.2999172444011085e+06
  1.2744106694475042e-02   7.2079876323467521e+06   7.3043629574065711e+06
  1.2749947730546315e-02   7.2128857674764004e+06   7.3088038337852256e+06
  1.2755788766617586e-02   7.2177766313342964e+06   7.3132398810338732e+06
  1.2761629802688856e-02   7.2226602527184542e+06   7.3176711066490430e+06
  1.2767470838760130e-02   7.2275366601787060e+06   7.3220975181257566e+06
  1.2773311874831401e-02   7.2324058819995644e+06   7.3265191229472086e+06
  1.2779152910902671e-02   7.2372679462371506e+06   7.3309359286037041e+06
  1.2784993946973945e-02   7.2421228806964383e+06   7.3353479425753476e+06
  1.2790834983045216e-02   7.2469707129894122e+06   7.3397551723387567e+06
  1.2796676019116486e-02   7.2518114705064883e+06   7.3441576253687693e+06
  1.2802517055187760e-02   7.2566451803917987e+06   7.3485553091300754e+06
  1.2808358091259030e-02   7.2614718695656676e+06   7.3529482310878187e+06
  1.2814199127330301e-02   7.2662915647088243e+06   7.3573363986986186e+06
  1.2820040163401575e-02   7.2711042923103850e+06   7.3617198194147767e+06
  1.2825881199472845e-02   7.2759100786613999e+06   7.3660985006789453e+06
  1.2831722235544119e-02   7.2807089498431450e+06   7.3704724499344239e+06
  1.2837563271615390e-02   7.2855009316973286e+06   7.3748416746113095e+06
  1.2843404307686660e-02   7.2902860498472359e+06   7.3792061821348974e+06
  1.2849245343757934e-02   7.2950643297344735e+06   7.3835659799268777e+06
  1.2855086379829204e-02   7.2998357966221021e+06   7.3879210753944246e+06
  1.2860927415900475e-02   7.3046004755708715e+06   7.3922714759448301e+06
  1.2866768451971749e-02   7.3093583914199024e+06   7.3966171889739968e+06
  1.2872609488043019e-02   7.3141095687935194e+06   7.4009582218678873e+06
  1.2878450524114290e-02   7.3188540321533065e+06   7.4052945820081709e+06
  1.2884291560185564e-02   7.3235918057968775e+06   7.4096262767629270e+06
  1.2890132596256834e-02   7.3283229138180343e+06   7.4139533134946479e+06
  1.2895973632328105e-02   7.3330473801107761e+06   7.4182756995607214e+06
  1.2901814668399379e-02   7.3377652283546021e+06   7.4225934423006754e+06
  1.2907655704470649e-02   7.3424764821092729e+06   7.4269065490522105e+06
  1.2913496740541919e-02   7.3471811647565402e+06   7.4312150271377070e+06
  1.2919337776613193e-02   7.3518792994859256e+06   7.4355188838776452e+06
  1.2925178812684464e-02   7.3565709092690200e+06   7.4398181265711142e+06
  1.2931019848755738e-02   7.3612560169323478e+06   7.4441127625129111e+06
  1.2936860884827008e-02   7.3659346451895954e+06   7.4484027989946054e+06
  1.2942701920898279e-02   7.3706068165423851e+06   7.4526882432844788e+06
  1.2948542956969553e-02   7.3752725533040408e+06   7.4569691026464347e+06
  1.2954383993040823e-02   7.3799318776166085e+06   7.4612453843331998e+06
  1.2960225029112094e-02   7.3845848115293151e+06   7.4655170955872620e+06
  1.2966066065183367e-02   7.3892313769109659e+06   7.4697842436390100e+06
  1.2971907101254638e-02   7.3938715954227606e+06   7.4740468357044822e+06
  1.2977748137325908e-02   7.3985054885726403e+06   7.4783048789928639e+06
  1.2983589173397182e-02   7.4031330777820563e+06   7.4825583806958515e+06
  1.2989430209468453e-02   7.4077543843026692e+06   7.4868073480032962e+06
  1.2995271245539723e-02   7.4123694291665880e+06   7.4910517880776515e+06
  1.3001112281610997e-02   7.4169782332933974e+06   7.4952917080840450e+06
  1.3006953317682268e-02   7.4215808175111301e+06   7.4995271151638590e+06
  1.3012794353753538e-02   7.4261772024618192e+06   7.5037580164572624e+06
  1.3018635389824812e-02   7.4307674085845063e+06   7.5079844190826537e+06
  1.3024476425896082e-02   7.4353514562562061e+06   7.5122063301456664e+06
  1.3030317461967356e-02   7.4399293657303685e+06   7.5164237567463983e+06
  1.3036158498038627e-02   7.4445011570344847e+06   7.5206367059667744e+06
  1.3041999534109897e-02   7.4490668500843467e+06   7.5248451848716876e+06
  1.3047840570181171e-02   7.4536264647482382e+06   7.5290492005223306e+06
  1.3053681606252442e-02   7.4581800206566192e+06   7.5332487599586071e+06
  1.3059522642323712e-02   7.4627275373083642e+06   7.5374438702103626e+06
  1.3065363678394986e-02   7.4672690341734299e+06   7.5416345382908946e+06
  1.3071204714466256e-02   7.4718045305006914e+06   7.5458207712071324e+06
  1.3077045750537527e-02   7.4763340453915978e+06   7.5500025759401191e+06
  1.3082886786608801e-02   7.4808575979426689e+06   7.5541799594659302e+06
  1.3088727822680071e-02   7.4853752069953596e+06   7.5583529287454039e+06
  1.3094568858751342e-02   7.4898868913205378e+06   7.5625214907231666e+06
  1.3100409894822616e-02   7.4943926696207616e+06   7.5666856523308353e+06
  1.3106250930893886e-02   7.4988925603382634e+06   7.5708454204831263e+06
  1.3112091966965157e-02   7.5033865819618320e+06   7.5750008020844935e+06
  1.3117933003036431e-02   7.5078747527308958e+06   7.5791518040188858e+06
  1.3123774039107701e-02   7.5123570908367718e+06   7.5832984331640629e+06
  1.3129615075178975e-02   7.5168336143406080e+06   7.5874406963707739e+06
  1.3135456111250245e-02   7.5213043411689764e+06   7.5915786004892122e+06
  1.3141297147321516e-02   7.5257692891685581e+06   7.5957121523425989e+06
  1.3147138183392790e-02   7.5302284760624412e+06   7.5998413587471116e+06
  1.3152979219464060e-02   7.5346819194304962e+06   7.6039662264983989e+06
  1.3158820255535331e-02   7.5391296367685720e+06   7.6080867623794125e+06
  1.3164661291606605e-02   7.5435716455124952e+06   7.6122029731604494e+06
  1.3170502327677875e-02   7.5480079628848284e+06   7.6163148655870100e+06
  1.3176343363749145e-02   7.5524386061188104e+06   7.6204224464025293e+06
  1.3182184399820419e-02   7.5568635922238920e+06   7.6245257223216249e+06
  1.3188025435891690e-02   7.5612829382132869e+06   7.6286247000546148e+06
  1.3193866471962960e-02   7.5656966609548433e+06   7.6327193862913391e+06
  1.3199707508034234e-02   7.5701047771501560e+06   7.6368097877012622e+06
  1.3205548544105505e-02   7.5745073035632726e+06   7.6408959109445624e+06
  1.3211389580176775e-02   7.5789042566576451e+06   7.6449777626647400e+06
  1.3217230616248049e-02   7.5832956529448684e+06   7.6490553494888851e+06
  1.3223071652319320e-02   7.5876815088174371e+06   7.6531286780237304e+06
  1.3228912688390593e-02   7.5920618404763695e+06   7.6571977548665395e+06
  1.3234753724461864e-02   7.5964366641367637e+06   7.6612625865941681e+06
  1.3240594760533134e-02   7.6008059959097803e+06   7.6653231797683863e+06
  1.3246435796604408e-02   7.6051698517218875e+06   7.6693795409363471e+06
  1.3252276832675679e-02   7.6095282474733321e+06   7.6734316766245849e+06
  1.3258117868746949e-02   7.6138811990249176e+06   7.6774795933507076e+06
  1.3263958904818223e-02   7.6182287220466472e+06   7.6815232976069748e+06
  1.3269799940889494e-02   7.6225708321374087e+06   7.6855627958758948e+06
  1.3275640976960764e-02   7.6269075448526284e+06   7.6895980946213650e+06
  1.3281482013032038e-02   7.6312388756678486e+06   7.6936292002890958e+06
  1.3287323049103308e-02   7.6355648399155280e+06   7.6976561193134505e+06
  1.3293164085174579e-02   7.6398854528385783e+06   7.7016788581014937e+06
  1.3299005121245853e-02   7.6442007296419730e+06   7.7056974230583077e+06
  1.3304846157317123e-02   7.6485106854443895e+06   7.7097118205583328e+06
  1.3310687193388394e-02   7.6528153352718446e+06   7.7137220569716766e+06
  1.3316528229459668e-02   7.6571146940271733e+06   7.7177281386379590e+06
  1.3322369265530938e-02   7.6614087765630810e+06   7.7217300718949400e+06
  1.3328210301602212e-02   7.6656975976477265e+06   7.7257278630485721e+06
  1.3334051337673482e-02   7.6699811719939690e+06   7.7297215184027832e+06
  1.3339892373744753e-02   7.6742595142140761e+06   7.7337110442297244e+06
  1.3345733409816027e-02   7.6785326388307624e+06   7.7376964467954291e+06
  1.3351574445887297e-02   7.6828005602884684e+06   7.7416777323463764e+06
  1.3357415481958568e-02   7.6870632929551601e+06   7.7456549071071632e+06
  1.3363256518029842e-02   7.6913208511360297e+06   7.7496279772923728e+06
  1.3369097554101112e-02   7.6955732490595803e+06   7.7535969490973912e+06
  1.3374938590172383e-02   7.6998205008726465e+06   7.7575618286942169e+06
  1.3380779626243657e-02   7.7040626206539888e+06   7.7615226222437248e+06
  1.3386620662314927e-02   7.7082996224005520e+06   7.7654793358922238e+06
  1.3392461698386197e-02   7.7125315200268393e+06   7.7694319757595630e+06
  1.3398302734457471e-02   7.7167583273880137e+06   7.7733805479589822e+06
  1.3404143770528742e-02   7.7209800582592888e+06   7.7773250585766640e+06
  1.3409984806600012e-02   7.7251967263555788e+06   7.7812655136901177e+06
  1.3415825842671286e-02   7.7294083453094810e+06   7.7852019193503866e+06
  1.3421666878742557e-02   7.7336149286939614e+06   7.7891342815982113e+06
  1.3427507914813831e-02   9.2373520283044595e+06   7.8055196756046144e+06
  1.3433348950885101e-02   9.2581873880683053e+06   7.8093297842058204e+06
  1.3439189986956371e-02   9.2729780940197799e+06   7.8130691262579709e+06
  1.3445031023027645e-02   9.2827995188206173e+06   7.8167373038324500e+06
  1.3450872059098916e-02   9.2884675165032316e+06   7.8203341976945400e+06
  1.3456713095170186e-02   9.2906237223259658e+06   7.8238599072794281e+06
  1.3462554131241460e-02   9.2897865363594741e+06   7.8273147285379618e+06
  1.3468395167312731e-02   9.2863835012849476e+06   7.8306991166256135e+06
  1.3474236203384001e-02   9.2807729012307022e+06   7.8340136596423555e+06
  1.3480077239455275e-02   9.2732587706885915e+06   7.8372590599523373e+06
  1.3485918275526546e-02   9.2641016904836614e+06   7.8404361159657156e+06
  1.3491759311597816e-02   9.2535267861069273e+06   7.8435457056992231e+06
  1.3497600347669090e-02   9.2417298061573524e+06   7.8465887730382122e+06
  1.3503441383740360e-02   9.2288818447194248e+06   7.8495663162506726e+06
  1.3509282419811631e-02   9.2151330811693147e+06   7.8524793784001023e+06
  1.3515123455882905e-02   9.2006157917366605e+06   7.8553290379927522e+06
  1.3520964491954175e-02   9.1854468104382064e+06   7.8581163987010764e+06
  1.3526805528025449e-02   9.1697295650177840e+06   7.8608425843061544e+06
  1.3532646564096720e-02   9.1535557802191805e+06   7.8635087337792711e+06
  1.3538487600167990e-02   9.1370069152576309e+06   7.8661160011798926e+06
  1.3544328636239264e-02   9.1201553918281142e+06   7.8686655379678058e+06
  1.3550169672310534e-02   9.1030656450322699e+06   7.8711584953607852e+06
  1.3556010708381805e-02   9.0857950275227353e+06   7.8735960333854379e+06
  1.3561851744453079e-02   9.0683946039308663e+06   7.8759792951854160e+06
  1.3567692780524349e-02   9.0509098351650685e+06   7.8783094199201586e+06
  1.3573533816595620e-02   9.0333811794295758e+06   7.8805875421210555e+06
  1.3579374852666894e-02   9.0158446300308816e+06   7.8828147729735617e+06
  1.3585215888738164e-02   8.9983321717057433e+06   7.8849922251469735e+06
  1.3591056924809435e-02   8.9808722087222282e+06   7.8871209822181538e+06
  1.3596897960880708e-02   8.9634899194551706e+06   7.8892021239381786e+06
  1.3602738996951979e-02   8.9462075948638748e+06   7.8912367045553513e+06
  1.3608580033023249e-02   8.9290449210880194e+06   7.8932257676472478e+06
  1.3614421069094523e-02   8.9120192481881827e+06   7.8951703331306390e+06
  1.3620262105165794e-02   8.8951458143186197e+06   7.8970714089086186e+06
  1.3626103141237068e-02   8.8784379675361104e+06   7.8989299756491547e+06
  1.3631944177308338e-02   8.8619073337348513e+06   7.9007470067544971e+06
  1.3637785213379609e-02   8.8455640137849730e+06   7.9025234417644627e+06
  1.3643626249450883e-02   8.8294167001077123e+06   7.9042602161041694e+06
  1.3649467285522153e-02   8.8134728481412288e+06   7.9059582338146968e+06
  1.3655308321593423e-02   8.7977387721226681e+06   7.9076183872390538e+06
  1.3661149357664697e-02   8.7822197713093348e+06   7.9092415470740041e+06
  1.3666990393735968e-02   8.7669202288905121e+06   7.9108285635413565e+06
  1.3672831429807238e-02   8.7518436933643986e+06   7.9123802717571463e+06
  1.3678672465878512e-02   8.7369929762625694e+06   7.9138974838326667e+06
  1.3684513501949783e-02   8.7223702080536354e+06   7.9153809978152970e+06
  1.3690354538021053e-02   8.7079769239051286e+06   7.9168315898551913e+06
  1.3696195574092327e-02   8.6938141072591413e+06   7.9182500214349926e+06
  1.3702036610163598e-02   8.6798822607699428e+06   7.9196370338457692e+06
  1.3707877646234868e-02   8.6661814422359411e+06   7.9209933533128053e+06
  1.3713718682306142e-02   8.6527113227831014e+06   7.9223196872666599e+06
  1.3719559718377412e-02   8.6394712164339218e+06   7.9236167280889396e+06
  1.3725400754448686e-02   8.6264601282597072e+06   7.9248851504786890e+06
  1.3731241790519957e-02   8.6136767783448342e+06   7.9261256143639497e+06
  1.3737082826591227e-02   8.6011196419715881e+06   7.9273387629567431e+06
  1.3742923862662501e-02   8.5887869689227510e+06   7.9285252250902001e+06
  1.3748764898733772e-02   8.5766768169697393e+06   7.9296856137885647e+06
  1.3754605934805042e-02   8.5647870676577669e+06   7.9308205281285448e+06
  1.3760446970876316e-02   8.5531154538111053e+06   7.9319305522622410e+06
  1.3766288006947586e-02   8.5416595729973894e+06   7.9330162568252264e+06
  1.3772129043018857e-02   8.5304169094196837e+06   7.9340781984023787e+06
  1.3777970079090131e-02   8.5193848461676873e+06   7.9351169204840707e+06
  1.3783811115161401e-02   8.5085606818256993e+06   7.9361329533511046e+06
  1.3789652151232672e-02   8.4979416421957146e+06   7.9371268146305289e+06
  1.3795493187303946e-02   8.4875248922602609e+06   7.9380990095151570e+06
  1.3801334223375216e-02   8.4773075475090463e+06   7.9390500310191009e+06
  1.3807175259446487e-02   8.4672866821909472e+06   7.9399803604210140e+06
  1.3813016295517760e-02   8.4574593400805984e+06   7.9408904673250867e+06
  1.3818857331589031e-02   8.4478225398014318e+06   7.9417808102452429e+06
  1.3824698367660305e-02   8.4383732851229571e+06   7.9426518365165042e+06
  1.3830539403731575e-02   8.4291085678505283e+06   7.9435039829856157e+06
  1.3836380439802846e-02   8.4200253775396310e+06   7.9443376758273263e+06
  1.3842221475874120e-02   8.4111207027710564e+06   7.9451533312646635e+06
  1.3848062511945390e-02   8.4023915397893637e+06   7.9459513553757695e+06
  1.3853903548016661e-02   8.3938348931433614e+06   7.9467321447570957e+06
  1.3859744584087934e-02   8.3854477826982094e+06   7.9474960864011198e+06
  1.3865585620159205e-02   8.3772272444014568e+06   7.9482435582378674e+06
  1.3871426656230475e-02   8.3691703353956025e+06   7.9489749291275926e+06
  1.3877267692301749e-02   8.3612741353239082e+06   7.9496905592558496e+06
  1.3883108728373020e-02   8.3535357495374940e+06   7.9503908002512380e+06
  1.3888949764444290e-02   8.3459523110483959e+06   7.9510759954400854e+06
  1.3894790800515564e-02   8.3385209820921971e+06   7.9517464800680308e+06
  1.3900631836586835e-02   8.3312389565267684e+06   7.9524025814479049e+06
  1.3906472872658105e-02   8.3241034602085799e+06   7.9530446192488242e+06
  1.3912313908729379e-02   8.3171117536074296e+06   7.9536729055705806e+06
  1.3918154944800649e-02   8.3102611312564155e+06   7.9542877452754937e+06
  1.3923995980871923e-02   8.3035489245718438e+06   7.9548894360036980e+06
  1.3929837016943194e-02   8.2969725004895115e+06   7.9554782685430776e+06
  1.3935678053014464e-02   8.2905292644143058e+06   7.9560545267943954e+06
  1.3941519089085738e-02   8.2842166583405752e+06   7.9566184881599508e+06
  1.3947360125157009e-02   8.2780321637223260e+06   7.9571704234826053e+06
  1.3953201161228279e-02   8.2719732992829597e+06   7.9577105974379871e+06
  1.3959042197299553e-02   8.2660376237721806e+06   7.9582392684552325e+06
  1.3964883233370824e-02   8.2602227335637351e+06   7.9587566891050385e+06
  1.3970724269442094e-02   8.2545262652490027e+06   7.9592631060140636e+06
  1.3976565305513368e-02   8.2489458931515440e+06   7.9597587602394661e+06
  1.3982406341584638e-02   8.2434793316789232e+06   7.9602438871831931e+06
  1.3988247377655909e-02   8.2381243328575091e+06   7.9607187169509837e+06
  1.3994088413727183e-02   8.2328786884462209e+06   7.9611834742701165e+06
  1.3999929449798453e-02   8.2277402275493089e+06   7.9616383788221041e+06
  1.4005770485869724e-02   8.2227068184525073e+06   7.9620836451753844e+06
  1.4011611521940998e-02   8.2177763662745701e+06   7.9625194830989381e+06
  1.4017452558012268e-02   8.2129468147028005e+06   7.9629460974916499e+06
  1.4023293594083542e-02   8.2082161436453974e+06   7.9633636886846935e+06
  1.4029134630154812e-02   8.2035823707932038e+06   7.9637724523765352e+06
  1.4034975666226083e-02   8.1990435493285442e+06   7.9641725799145959e+06
  1.4040816702297357e-02   8.1945977694307892e+06   7.9645642582321595e+06
  1.4046657738368627e-02   8.1902431558862133e+06   7.9649476701273983e+06
  1.4052498774439898e-02   8.1859778696046034e+06   7.9653229941896377e+06
  1.4058339810511172e-02   8.1818001052628420e+06   7.9656904050704055e+06
  1.4064180846582442e-02   8.1777080926926257e+06   7.9660500734101711e+06
  1.4070021882653713e-02   8.1737000945118275e+06   7.9664021661048047e+06
  1.4075862918724986e-02   8.1697744075964447e+06   7.9667468462240454e+06
  1.4081703954796257e-02   8.1659293606264414e+06   7.9670842732703676e+06
  1.4087544990867527e-02   8.1621633155213622e+06   7.9674146031005559e+06
  1.4093386026938801e-02   8.1584746650716644e+06   7.9677379881701991e+06
  1.4099227063010072e-02   8.1548618342216266e+06   7.9680545774645535e+06
  1.4105068099081342e-02   8.1513232778874002e+06   7.9683645167217776e+06
  1.4110909135152616e-02   8.1478574820347680e+06   7.9686679483770449e+06
  1.4116750171223887e-02   8.1444629616959086e+06   7.9689650117651112e+06
  1.4122591207295161e-02   8.1411382618520269e+06   7.9692558430753816e+06
  1.4128432243366431e-02   8.1378819557145769e+06   7.9695405755308643e+06
  1.4134273279437701e-02   8.1346926451751273e+06   7.9698193393757651e+06
  1.4140114315508975e-02   8.1315689596496159e+06   7.9700922620034674e+06
  1.4145955351580246e-02   8.1285095560515448e+06   7.9703594679803215e+06
  1.4151796387651516e-02   8.1255131180265341e+06   7.9706210791375358e+06
  1.4157637423722790e-02   8.1225783554939758e+06   7.9708772146346495e+06
  1.4163478459794061e-02   8.1197040044645797e+06   7.9711279909902252e+06
  1.4169319495865331e-02   8.1168888259240501e+06   7.9713735222048294e+06
  1.4175160531936605e-02   8.1141316063910583e+06   7.9716139197263084e+06
  1.4181001568007875e-02   8.1114311560727125e+06   7.9718492926304825e+06
  1.4186842604079146e-02   8.1087863099800525e+06   7.9720797475392977e+06
  1.4192683640150420e-02   8.1061959259160236e+06   7.9723053888097731e+06
  1.4198524676221690e-02   8.1036588854836607e+06   7.9725263184663774e+06
  1.4204365712292961e-02   8.1011740923423627e+06   7.9727426363587296e+06
  1.4210206748364235e-02   8.0987404728434887e+06   7.9729544401275218e+06
  1.4216047784435505e-02   8.0963569748874120e+06   7.9731618253082624e+06
  1.4221888820506779e-02   8.0940225678450437e+06   7.9733648853595406e+06
  1.4227729856578050e-02   8.0917362421000330e+06   7.9735637117037643e+06
  1.4233570892649320e-02   8.0894970083858389e+06   7.9737583938029446e+06
  1.4239411928720594e-02   8.0873038980504768e+06   7.9739490191416517e+06
  1.4245252964791864e-02   8.0851559615787650e+06   7.9741356733676968e+06
  1.4251094000863135e-02   8.0830522695340160e+06   7.9743184402166996e+06
  1.4256935036934409e-02   8.0809919107927410e+06   7.9744974016750418e+06
  1.4262776073005679e-02   8.0789739934715247e+06   7.9746726379087754e+06
  1.4268617109076950e-02   8.0769976435039025e+06   7.9748442273924584e+06
  1.4274458145148224e-02   8.0750620048821382e+06   7.9750122468979089e+06
  1.4280299181219494e-02   8.0731662392098224e+06   7.9751767715373095e+06
  1.4286140217290764e-02   8.0713095249781609e+06   7.9753378748350209e+06
  1.4291981253362038e-02   8.0694910580691667e+06   7.9754956286883522e+06
  1.4297822289433309e-02   8.0677100501395445e+06   7.9756501035150010e+06
  1.4303663325504579e-02   8.0659657297613705e+06   7.9758013681600951e+06
  1.4309504361575853e-02   8.0642573407268431e+06   7.9759494900447978e+06
  1.4315345397647124e-02   8.0625841428004345e+06   7.9760945351124257e+06
  1.4321186433718398e-02   8.0609454107655371e+06   7.9762365679088654e+06
  1.4327027469789668e-02   8.0593404342032429e+06   7.9763756516146334e+06
  1.4332868505860939e-02   8.0577685177082038e+06   7.9765118480195515e+06
  1.4338709541932212e-02   8.0562289795597410e+06   7.9766452176546277e+06
  1.4344550578003483e-02   8.0547211527933897e+06   7.9767758196923146e+06
  1.4350391614074753e-02   8.0532443834400661e+06   7.9769037121091317e+06
  1.4356232650146027e-02   8.0517980316084698e+06   7.9770289515939346e+06
  1.4362073686217298e-02   8.0503814701908994e+06   7.9771515936624780e+06
  1.4367914722288568e-02   8.0489940850509666e+06   7.9772716926441221e+06
  1.4373755758359842e-02   8.0476352749459650e+06   7.9773893016937170e+06
  1.4379596794431113e-02   8.0463044506522259e+06   7.9775044728685766e+06
  1.4385437830502383e-02   8.0450010354807023e+06   7.9776172570871124e+06
  1.4391278866573657e-02   8.0437244642718118e+06   7.9777277042173548e+06
  1.4397119902644927e-02   8.0424741837536525e+06   7.9778358630506806e+06
  1.4402960938716198e-02   8.0412496519468725e+06   7.9779417813543528e+06
  1.4408801974787472e-02   8.0400503379238760e+06   7.9780455058937455e+06
  1.4414643010858742e-02   8.0388757221850334e+06   7.9781470824039970e+06
  1.4420484046930016e-02   8.0377252952950494e+06   7.9782465557084130e+06
  1.4426325083001287e-02   8.0365985588011630e+06   7.9783439696419593e+06
  1.4432166119072557e-02   8.0354950243290262e+06   7.9784393671310740e+06
  1.4438007155143831e-02   8.0344142135231690e+06   7.9785327901994167e+06
  1.4443848191215101e-02   8.0333556581969392e+06   7.9786242799590789e+06
  1.4449689227286372e-02   8.0323188994037071e+06   7.9787138766905973e+06
  1.4455530263357646e-02   8.0313034879890941e+06   7.9788016197957909e+06
  1.4461371299428916e-02   8.0303089839026053e+06   7.9788875478631947e+06
  1.4467212335500187e-02   8.0293349562351797e+06   7.9789716986607676e+06
  1.4473053371571461e-02   8.0283809830347775e+06   7.9790541091565108e+06
  1.4478894407642731e-02   8.0274466507657291e+06   7.9791348155653672e+06
  1.4484735443714002e-02   8.0265315547589967e+06   7.9792138533117771e+06
  1.4490576479785276e-02   8.0256352986600865e+06   7.9792912570790770e+06
  1.4496417515856546e-02   8.0247574939873805e+06   7.9793670608466789e+06
  1.4502258551927816e-02   8.0238977606240036e+06   7.9794412978521632e+06
  1.4508099587999090e-02   8.0230557260614140e+06   7.9795140006535444e+06
  1.4513940624070361e-02   8.0222310258047888e+06   7.9795852010989552e+06
  1.4519781660141635e-02   8.0214233023865446e+06   7.9796549304102920e+06
  1.4525622696212905e-02   8.0206322060219171e+06   7.9797232191282278e+06
  1.4531463732284176e-02   8.0198573941547768e+06   7.9797900971526448e+06
  1.4537304768355450e-02   8.0190985312996013e+06   7.9798555937559232e+06
  1.4543145804426720e-02   8.0183552886990933e+06   7.9799197376156412e+06
  1.4548986840497991e-02   8.0176273446459454e+06   7.9799825567840794e+06
  1.4554827876569264e-02   8.0169143838071488e+06   7.9800440787502294e+06
  1.4560668912640535e-02   8.0162160975816483e+06   7.9801043304085610e+06
  1.4566509948711805e-02   8.0155321835667398e+06   7.9801633381050229e+06
  1.4572350984783079e-02   8.0148623457715949e+06   7.9802211276195655e+06
  1.4578192020854350e-02   8.0142062940822281e+06   7.9802777242145166e+06
  1.4584033056925620e-02   8.0135637446581852e+06   7.9803331525988476e+06
  1.4589874092996894e-02   8.0129344192527989e+06   7.9803874369871607e+06
  1.4595715129068165e-02   8.0123180453475332e+06   7.9804406010900941e+06
  1.4601556165139435e-02   8.0117143563783336e+06   7.9804926680950904e+06
  1.4607397201210709e-02   8.0111230910366317e+06   7.9805436607258730e+06
  1.4613238237281979e-02   8.0105439932432994e+06   7.9805936012476059e+06
  1.4619079273353253e-02   8.0099768125171466e+06   7.9806425114316670e+06
  1.4624920309424524e-02   8.0094213034277633e+06   7.9806904126066109e+06
  1.4630761345495794e-02   8.0088772254030639e+06   7.9807373256744416e+06
  1.4636602381567068e-02   8.0083443433200261e+06   7.9807832710586069e+06
  1.4642443417638339e-02   8.0078224264106406e+06   7.9808282688006256e+06
  1.4648284453709609e-02   8.0073112489809515e+06   7.9808723384974301e+06
  1.4654125489780883e-02   8.0068105897815004e+06   7.9809154993544435e+06
  1.4659966525852153e-02   8.0063202320865570e+06   7.9809577701829867e+06
  1.4665807561923424e-02   8.0058399639073834e+06   7.9809991693780869e+06
  1.4671648597994698e-02   8.0053695775348358e+06   7.9810397149605351e+06
  1.4677489634065968e-02   8.0049088694087993e+06   7.9810794245890435e+06
  1.4683330670137239e-02   8.0044576402645102e+06   7.9811183155446015e+06
  1.4689171706208513e-02   8.0040156950546866e+06   7.9811564047406763e+06
  1.4695012742279783e-02   8.0035828423409807e+06   7.9811937087741988e+06
  1.4700853778351054e-02   8.0031588952379674e+06   7.9812302438447699e+06
  1.4706694814422328e-02   8.0027436700775679e+06   7.9812660258713625e+06
  1.4712535850493598e-02   8.0023369875586499e+06   7.9813010703914575e+06
  1.4718376886564872e-02   8.0019386715906914e+06   7.9813353926611207e+06
  1.4724217922636142e-02   8.0015485502109509e+06   7.9813690075785415e+06
  1.4730058958707413e-02   8.0011664543934222e+06   7.9814019297828525e+06
  1.4735899994778687e-02   8.0007922191899978e+06   7.9814341735585919e+06
  1.4741741030849957e-02   8.0004256827562284e+06   7.9814657529212423e+06
  1.4747582066921228e-02   8.0000666863969536e+06   7.9814966816092469e+06
  1.4753423102992502e-02   7.9997150752088372e+06   7.9815269730325891e+06
  1.4759264139063772e-02   7.9993706967845755e+06   7.9815566403823802e+06
  1.4765105175135042e-02   7.9990334026411418e+06   7.9815856965089943e+06
  1.4770946211206316e-02   7.9987030469566165e+06   7.9816141540310699e+06
  1.4776787247277587e-02   7.9983794864985300e+06   7.9816420253402274e+06
  1.4782628283348857e-02   7.9980625817706529e+06   7.9816693225058420e+06
  1.4788469319420131e-02   7.9977521958370283e+06   7.9816960573724713e+06
  1.4794310355491402e-02   7.9974481942442805e+06   7.9817222415680056e+06
  1.4800151391562672e-02   7.9971504458284192e+06   7.9817478864371339e+06
  1.4805992427633946e-02   7.9968588217420634e+06   7.9817730031196047e+06
  1.4811833463705217e-02   7.9965731960511040e+06   7.9817976025055805e+06
  1.4817674499776490e-02   7.9962934452229077e+06   7.9818216952730166e+06
  1.4823515535847761e-02   7.9960194483136991e+06   7.9818452918781294e+06
  1.4829356571919031e-02   7.9957510872340724e+06   7.9818684025265686e+06
  1.4835197607990305e-02   7.9954882456778446e+06   7.9818910372709651e+06
  1.4841038644061576e-02   7.9952308101589438e+06   7.9819132059183856e+06
  1.4846879680132846e-02   7.9949786695100740e+06   7.9819349180742865e+06
  1.4852720716204120e-02   7.9947317146495460e+06   7.9819561831632648e+06
  1.4858561752275391e-02   7.9944898389950339e+06   7.9819770103934435e+06
  1.4864402788346661e-02   7.9942529379001698e+06   7.9819974088048786e+06
  1.4870243824417935e-02   7.9940209092232976e+06   7.9820173872196227e+06
  1.4876084860489205e-02   7.9937936522769779e+06   7.9820369543350441e+06
  1.4881925896560476e-02   7.9935710694436682e+06   7.9820561185803358e+06
  1.4887766932631750e-02   7.9933530643097516e+06   7.9820748882823614e+06
  1.4893607968703020e-02   7.9931395425686305e+06   7.9820932715838179e+06
  1.4899449004774291e-02   7.9929304118941305e+06   7.9821112764557451e+06
  1.4905290040845565e-02   7.9927255825019935e+06   7.9821289106516801e+06
  1.4911131076916835e-02   7.9925249652668303e+06   7.9821461818633173e+06
  1.4916972112988109e-02   7.9923284739617324e+06   7.9821630975352358e+06
  1.4922813149059379e-02   7.9921360234318366e+06   7.9821796650171727e+06
  1.4928654185130650e-02   7.9919475305511849e+06   7.9821958914838228e+06
  1.4934495221201924e-02   7.9917629139286093e+06   7.9822117839595219e+06
  1.4940336257273194e-02   7.9915820939925909e+06   7.9822273493114412e+06
  1.4946177293344465e-02   7.9914049925235771e+06   7.9822425942884600e+06
  1.4952018329415739e-02   7.9912315330973398e+06   7.9822575254862234e+06
  1.4957859365487009e-02   7.9910616407320807e+06   7.9822721493727490e+06
  1.4963700401558280e-02   7.9908952420211304e+06   7.9822864722822476e+06
  1.4969541437629554e-02   7.9907322647491945e+06   7.9823005004448267e+06
  1.4975382473700824e-02   7.9905726396389809e+06   7.9823142398356302e+06
  1.4981223509772094e-02   7.9904162965836180e+06   7.9823276965039494e+06
  1.4987064545843368e-02   7.9902631681353794e+06   7.9823408762655575e+06
  1.4992905581914639e-02   7.9901131891357638e+06   7.9823537847413914e+06
  1.4998746617985909e-02   7.9899662936428878e+06   7.9823664276191033e+06
  1.5004587654057183e-02   7.9898224195302706e+06   7.9823788102558814e+06
  1.5010428690128454e-02   7.9896815034330329e+06   7.9823909381159917e+06
  1.5016269726199728e-02   7.9895434846799392e+06   7.9824028164316406e+06
  1.5022110762270998e-02   7.9894083041487541e+06   7.9824144503003433e+06
  1.5027951798342268e-02   7.9892759038463635e+06   7.9824258447229462e+06
  1.5033792834413542e-02   7.9891462255055504e+06   7.9824370047233701e+06
  1.5039633870484813e-02   7.9890192137822164e+06   7.9824479350728951e+06
  1.5045474906556083e-02   7.9888948137104176e+06   7.9824586405098084e+06
  1.5051315942627357e-02   7.9887729711860372e+06   7.9824691256990070e+06
  1.5057156978698628e-02   7.9886536345072268e+06   7.9824793950968236e+06
  1.5062998014769898e-02   7.9885367513452964e+06   7.9824894532149658e+06
  1.5068839050841172e-02   7.9884222715229644e+06   7.9824993043769114e+06
  1.5074680086912443e-02   7.9883101459973603e+06   7.9825089528113063e+06
  1.5080521122983713e-02   7.9882003255912121e+06   7.9825184027566882e+06
  1.5086362159054987e-02   7.9880927633045278e+06   7.9825276582625490e+06
  1.5092203195126257e-02   7.9879874127695775e+06   7.9825367233258588e+06
  1.5098044231197528e-02   7.9878842281259261e+06   7.9825456018985361e+06
  1.5103885267268802e-02   7.9877831653094133e+06   7.9825542977784323e+06
  1.5109726303340072e-02   7.9876841804019520e+06   7.9825628147499207e+06
  1.5115567339411346e-02   7.9875872304851953e+06   7.9825711565108448e+06
  1.5121408375482617e-02   7.9874922744007716e+06   7.9825793266081708e+06
  1.5127249411553887e-02   7.9873992702662358e+06   7.9825873286503451e+06
  1.5133090447625161e-02   7.9873081786641153e+06   7.9825951660336358e+06
  1.5138931483696431e-02   7.9872189597223438e+06   7.9826028421930410e+06
  1.5144772519767702e-02   7.9871315755696641e+06   7.9826103603929337e+06
  1.5150613555838976e-02   7.9870459872019831e+06   7.9826177239917535e+06
  1.5156454591910246e-02   7.9869621589761376e+06   7.9826249360610833e+06
  1.5162295627981517e-02   7.9868800551388497e+06   7.9826319996813489e+06
  1.5168136664052791e-02   7.9867996384502221e+06   7.9826389180596741e+06
  1.5173977700124061e-02   7.9867208756334428e+06   7.9826456940631540e+06
  1.5179818736195332e-02   7.9866437313483600e+06   7.9826523307358613e+06
  1.5185659772266605e-02   7.9865681746738413e+06   7.9826588307414465e+06
  1.5191500808337876e-02   7.9864941704660412e+06   7.9826651971068680e+06
  1.5197341844409150e-02   7.9864216879502833e+06   7.9826714324828088e+06
  1.5203182880480420e-02   7.9863506950892052e+06   7.9826775396292051e+06
  1.5209023916551691e-02   7.9862811628025696e+06   7.9826835210493896e+06
  1.5214864952622965e-02   7.9862130595792988e+06   7.9826893794592153e+06
  1.5220705988694235e-02   7.9861463563503241e+06   7.9826951173609784e+06
  1.5226547024765506e-02   7.9860810244752252e+06   7.9827007372216908e+06
  1.5232388060836780e-02   7.9860170355267469e+06   7.9827062414895929e+06
  1.5238229096908050e-02   7.9859543626123192e+06   7.9827116324800169e+06
  1.5244070132979320e-02   7.9858929785919879e+06   7.9827169125303775e+06
  1.5249911169050594e-02   7.9858328565501720e+06   7.9827220839593550e+06
  1.5255752205121865e-02   7.9857739702953408e+06   7.9827271490214942e+06
  1.5261593241193135e-02   7.9857162945592683e+06   7.9827321098931320e+06
  1.5267434277264409e-02   7.9856598047625516e+06   7.9827369686902706e+06
  1.5273275313335680e-02   7.9856044752935050e+06   7.9827417276185295e+06
  1.5279116349406950e-02   7.9855502851695046e+06   7.9827463884859290e+06
  1.5284957385478224e-02   7.9854972081623944e+06   7.9827509535480924e+06
  1.5290798421549495e-02   7.9854452224696344e+06   7.9827554246849911e+06
  1.5296639457620768e-02   7.9853943053355142e+06   7.9827598038540427e+06
  1.5302480493692039e-02   7.9853444345225226e+06   7.9827640929709356e+06
  1.5308321529763309e-02   7.9852955899384590e+06   7.9827682937650355e+06
  1.5314162565834583e-02   7.9852477495476119e+06   7.9827724081339110e+06
  1.5320003601905854e-02   7.9852008922799956e+06   7.9827764378914712e+06
  1.5325844637977124e-02   7.9851549977104599e+06   7.9827803847961724e+06
  1.5331685674048398e-02   7.9851100476920269e+06   7.9827842504101517e+06
  1.5337526710119669e-02   7.9850660211258586e+06   7.9827880365498913e+06
  1.5343367746190939e-02   7.9850229005724723e+06   7.9827917447169339e+06
  1.5349208782262213e-02   7.9849806658903323e+06   7.9827953766454002e+06
  1.5355049818333483e-02   7.9849392994369175e+06   7.9827989338535611e+06
  1.5360890854404754e-02   7.9848987828024747e+06   7.9828024179265061e+06
  1.5366731890476028e-02   7.9848590997186946e+06   7.9828058302646484e+06
  1.5372572926547298e-02   7.9848202325561196e+06   7.9828091723855445e+06
  1.5378413962618569e-02   7.9847821648106007e+06   7.9828124457103563e+06
  1.5384254998689843e-02   7.9847448789558597e+06   7.9828156517471457e+06
  1.5390096034761113e-02   7.9847083598358948e+06   7.9828187918007933e+06
  1.5395937070832387e-02   7.9846725916341515e+06   7.9828218672330678e+06
  1.5401778106903657e-02   7.9846375578551413e+06   7.9828248794626398e+06
  1.5407619142974928e-02   7.9846032450532643e+06   7.9828278296484798e+06
  1.5413460179046202e-02   7.9845696374794403e+06   7.9828307191454135e+06
  1.5419301215117472e-02   7.9845367216022890e+06   7.9828335491185626e+06
  1.5425142251188743e-02   7.9845044814022025e+06   7.9828363209455330e+06
  1.5430983287260017e-02   7.9844729040908851e+06   7.9828390357286455e+06
  1.5436824323331287e-02   7.9844419763521403e+06   7.9828416946126726e+06
  1.5442665359402558e-02   7.9844116843172694e+06   7.9828442987931864e+06
  1.5448506395473832e-02   7.9843820134934895e+06   7.9828468495151531e+06
  1.5454347431545102e-02   7.9843529549787613e+06   7.9828493475469751e+06
  1.5460188467616372e-02   7.9843244917824771e+06   7.9828517943497095e+06
  1.5466029503687646e-02   7.9842966160628181e+06   7.9828541905977335e+06
  1.5471870539758917e-02   7.9842693116764110e+06   7.9828565376822660e+06
  1.5477711575830187e-02   7.9842425683174795e+06   7.9828588364890665e+06
  1.5483552611901461e-02   7.9842163752406836e+06   7.9828610879431274e+06
  1.5489393647972732e-02   7.9841907212613486e+06   7.9828632930066176e+06
  1.5495234684044006e-02   7.9841655947207212e+06   7.9828654526837850e+06
  1.5501075720115276e-02   7.9841409834361039e+06   7.9828675680227494e+06
  1.5506916756186546e-02   7.9841168778338805e+06   7.9828696398472767e+06
  1.5512757792257820e-02   7.9840932701103790e+06   7.9828716688293861e+06
  1.5518598828329091e-02   7.9840701452064421e+06   7.9828736562640071e+06
  1.5524439864400361e-02   7.9840474963233098e+06   7.9828756027373467e+06
  1.5530280900471635e-02   7.9840253148253029e+06   7.9828775089920908e+06
  1.5536121936542906e-02   7.9840035880139936e+06   7.9828793761210293e+06
  1.5541962972614176e-02   7.9839823075448601e+06   7.9828812048426727e+06
  1.5547804008685450e-02   7.9839614647243274e+06   7.9828829959041839e+06
  1.5553645044756721e-02   7.9839410504856333e+06   7.9828847500873320e+06
  1.5559486080827991e-02   7.9839210553843658e+06   7.9828864682031665e+06
  1.5565327116899265e-02   7.9839014695541896e+06   7.9828881511018276e+06
  1.5571168152970535e-02   7.9838822897836836e+06   7.9828897990596266e+06
  1.5577009189041806e-02   7.9838635036199428e+06   7.9828914131478798e+06
  1.5582850225113080e-02   7.9838451009918954e+06   7.9828929942335151e+06
  1.5588691261184350e-02   7.9838270802966747e+06   7.9828945424545305e+06
  1.5594532297255624e-02   7.9838094280916890e+06   7.9828960589663070e+06
  1.5600373333326895e-02   7.9837921357271699e+06   7.9828975445150919e+06
  1.5606214369398165e-02   7.9837752048748806e+06   7.9828989989559799e+06
  1.5612055405469439e-02   7.9837586201459859e+06   7.9829004236139059e+06
  1.5617896441540709e-02   7.9837423754802700e+06   7.9829018190090768e+06
  1.5623737477611980e-02   7.9837264645718643e+06   7.9829031856849939e+06
  1.5629578513683254e-02   7.9837108808631999e+06   7.9829045242059687e+06
  1.5635419549754524e-02   7.9836956175102200e+06   7.9829058351607835e+06
  1.5641260585825795e-02   7.9836806673745485e+06   7.9829071191634070e+06
  1.5647101621897069e-02   7.9836660230111061e+06   7.9829083768549748e+06
  1.5652942657968339e-02   7.9836516810014034e+06   7.9829096085296664e+06
  1.5658783694039610e-02   7.9836376373128267e+06   7.9829108145338725e+06
  1.5664624730110883e-02   7.9836238778214371e+06   7.9829119960828200e+06
  1.5670465766182154e-02   7.9836104026887370e+06   7.9829131531631527e+06
  1.5676306802253424e-02   7.9835972056220062e+06   7.9829142863162449e+06
  1.5682147838324698e-02   7.9835842777017783e+06   7.9829153963088756e+06
  1.5687988874395969e-02   7.9835716165467771e+06   7.9829164833477000e+06
  1.5693829910467243e-02   7.9835592174091870e+06   7.9829175478395745e+06
  1.5699670946538513e-02   7.9835470676833708e+06   7.9829185908695478e+06
  1.5705511982609784e-02   7.9835351728929151e+06   7.9829196119621089e+06
  1.5711353018681058e-02   7.9835235233269241e+06   7.9829206119539784e+06
  1.5717194054752328e-02   7.9835121109847277e+06   7.9829215915320776e+06
  1.5723035090823598e-02   7.9835009320795294e+06   7.9829225510231648e+06
  1.5728876126894872e-02   7.9834899826806700e+06   7.9829234907649495e+06
  1.5734717162966143e-02   7.9834792587020313e+06   7.9829244111091578e+06
  1.5740558199037413e-02   7.9834687558849361e+06   7.9829253124223510e+06
  1.5746399235108687e-02   7.9834584697982911e+06   7.9829261950854370e+06
  1.5752240271179958e-02   7.9834483958232719e+06   7.9829270594960256e+06
  1.5758081307251228e-02   7.9834385291352309e+06   7.9829279060696550e+06
  1.5763922343322502e-02   7.9834288647005241e+06   7.9829287352388967e+06
  1.5769763379393772e-02   7.9834193972563110e+06   7.9829295474565160e+06
  1.5775604415465043e-02   7.9834101212916272e+06   7.9829303431970924e+06
  1.5781445451536317e-02   7.9834010406576563e+06   7.9829311221284568e+06
  1.5787286487607587e-02   7.9833921495527998e+06   7.9829318847511811e+06
  1.5793127523678861e-02   7.9833834349681837e+06   7.9829326321825888e+06
  1.5798968559750132e-02   7.9833749005432343e+06   7.9829333641113704e+06
  1.5804809595821402e-02   7.9833665469689341e+06   7.9829340804770198e+06
  1.5810650631892676e-02   7.9833583529907586e+06   7.9829347831092430e+06
  1.5816491667963947e-02   7.9833503436024496e+06   7.9829354698557453e+06
  1.5822332704035217e-02   7.9833424835456330e+06   7.9829361437522434e+06
  1.5828173740106491e-02   7.9833347995107146e+06   7.9829368025004566e+06
  1.5834014776177761e-02   7.9833272580518005e+06   7.9829374489792986e+06
  1.5839855812249032e-02   7.9833198871633951e+06   7.9829380807799725e+06
  1.5845696848320306e-02   7.9833126582924295e+06   7.9829387003585985e+06
  1.5851537884391576e-02   7.9833055765670436e+06   7.9829393072744841e+06
  1.5857378920462847e-02   7.9832986496827938e+06   7.9829399008648768e+06
  1.5863219956534121e-02   7.9832918571104389e+06   7.9829404828968560e+06
  1.5869060992605391e-02   7.9832851983983424e+06   7.9829410534080956e+06
  1.5874902028676662e-02   7.9832786920562051e+06   7.9829416108078873e+06
  1.5880743064747935e-02   7.9832723144268952e+06   7.9829421571302917e+06
  1.5886584100819206e-02   7.9832660639917506e+06   7.9829426925058113e+06
  1.5892425136890480e-02   7.9832599391768984e+06   7.9829432170705665e+06
  1.5898266172961750e-02   7.9832539383515660e+06   7.9829437309645703e+06
  1.5904107209033021e-02   7.9832480709589319e+06   7.9829442333748657e+06
  1.5909948245104295e-02   7.9832423231864283e+06   7.9829447254904108e+06
  1.5915789281175565e-02   7.9832366922619082e+06   7.9829452075498113e+06
  1.5921630317246836e-02   7.9832311762267388e+06   7.9829456797210760e+06
  1.5927471353318109e-02   7.9832257730419058e+06   7.9829461421800563e+06
  1.5933312389389380e-02   7.9832204805859756e+06   7.9829465951095195e+06
  1.5939153425460650e-02   7.9832152966508018e+06   7.9829470386986732e+06
  1.5944994461531924e-02   7.9832102189329723e+06   7.9829474731458677e+06
  1.5950835497603195e-02   7.9832052450296655e+06   7.9829478986579459e+06
  1.5956676533674465e-02   7.9832003724329630e+06   7.9829483154506152e+06
  1.5962517569745739e-02   7.9831955985198142e+06   7.9829487237502141e+06
  1.5968358605817010e-02   7.9831909205457335e+06   7.9829491237920318e+06
  1.5974199641888280e-02   7.9831863453073772e+06   7.9829495149909109e+06
  1.5980040677959554e-02   7.9831818689279594e+06   7.9829498976809522e+06
  1.5985881714030824e-02   7.9831774825998181e+06   7.9829502726201145e+06
  1.5991722750102098e-02   7.9831731831596857e+06   7.9829506400806904e+06
  1.5997563786173369e-02   7.9831689672822710e+06   7.9829510003487719e+06
  1.6003404822244639e-02   7.9831648314680206e+06   7.9829513537253384e+06
  1.6009245858315913e-02   7.9831607988615567e+06   7.9829516982174153e+06
  1.6015086894387184e-02   7.9831568479469679e+06   7.9829520356781073e+06
  1.6020927930458454e-02   7.9831529695165111e+06   7.9829523668996869e+06
  1.6026768966529728e-02   7.9831491594581828e+06   7.9829526922359066e+06
  1.6032610002600999e-02   7.9831454524164386e+06   7.9829530087038418e+06
  1.6038451038672269e-02   7.9831418148959680e+06   7.9829533191875080e+06
  1.6044292074743543e-02   7.9831382367780479e+06   7.9829536245577699e+06
  1.6050133110814813e-02   7.9831347467729319e+06   7.9829539223428443e+06
  1.6055974146886084e-02   7.9831313316715918e+06   7.9829542136796704e+06
  1.6061815182957358e-02   7.9831279658532059e+06   7.9829545007739123e+06
  1.6067656219028628e-02   7.9831246928781383e+06   7.9829547798757758e+06
  1.6073497255099899e-02   7.9831214792933697e+06   7.9829550538645340e+06
  1.6079338291171173e-02   7.9831183148310781e+06   7.9829553236241760e+06
  1.6085179327242443e-02   7.9831152475332404e+06   7.9829555850188639e+06
  1.6091020363313717e-02   7.9831122116459543e+06   7.9829558437093180e+06
  1.6096861399384987e-02   7.9831092642022753e+06   7.9829560947852517e+06
  1.6102702435456258e-02   7.9831063613994885e+06   7.9829563420177689e+06
  1.6108543471527532e-02   7.9831035224616090e+06   7.9829565837517548e+06
  1.6114384507598802e-02   7.9831007453842890e+06   7.9829568201592984e+06
  1.6120225543670073e-02   7.9830980149499495e+06   7.9829570525506930e+06
  1.6126066579741347e-02   7.9830953556556394e+06   7.9829572788170660e+06
  1.6131907615812617e-02   7.9830927337225890e+06   7.9829575018667048e+06
  1.6137748651883888e-02   7.9830901836117124e+06   7.9829577187319780e+06
  1.6143589687955161e-02   7.9830876701766392e+06   7.9829579324392220e+06
  1.6149430724026432e-02   7.9830852199083716e+06   7.9829581407070784e+06
  1.6155271760097702e-02   7.9830828149684146e+06   7.9829583450716482e+06
  1.6161112796168976e-02   7.9830804543604804e+06   7.9829585456186468e+06
  1.6166953832240247e-02   7.9830781579125114e+06   7.9829587406406291e+06
  1.6172794868311517e-02   7.9830758758218577e+06   7.9829589344261745e+06
  1.6178635904382791e-02   7.9830736878622994e+06   7.9829591201052489e+06
  1.6184476940454062e-02   7.9830714999027411e+06   7.9829593057843214e+06
  1.6190317976525335e-02   7.9830693925673524e+06   7.9829594845198933e+06
  1.6196159012596606e-02   7.9830673130922103e+06   7.9829596608560905e+06
  1.6202000048667876e-02   7.9830652585012354e+06   7.9829598350490034e+06
  1.6207841084739150e-02   7.9830632875063475e+06   7.9829600020417543e+06
  1.6213682120810421e-02   7.9830613165114587e+06   7.9829601690345053e+06
  1.6219523156881691e-02   7.9830594081321275e+06   7.9829603306338973e+06
  1.6225364192952965e-02   7.9830575456129657e+06   7.9829604882831462e+06
  1.6231205229024236e-02   7.9830556830938049e+06   7.9829606459323959e+06
  1.6237046265095506e-02   7.9830539041624898e+06   7.9829607963812565e+06
  1.6242887301166780e-02   7.9830521501140688e+06   7.9829609446866652e+06
  1.6248728337238050e-02   7.9830503960656477e+06   7.9829610929920739e+06
  1.6254569373309321e-02   7.9830487277488979e+06   7.9829612339118300e+06
  1.6260410409380595e-02   7.9830470821657488e+06   7.9829613728731209e+06
  1.6266251445451865e-02   7.9830454365825998e+06   7.9829615118344119e+06
  1.6272092481523136e-02   7.9830438575686933e+06   7.9829616450602012e+06
  1.6277933517594410e-02   7.9830423204448456e+06   7.9829617746768082e+06
  1.6283774553665680e-02   7.9830407833209978e+06   7.9829619042934151e+06
  1.6289615589736954e-02   7.9830392692962913e+06   7.9829620319195278e+06
  1.6295456625808225e-02   7.9830378406251725e+06   7.9829621521905670e+06
  1.6301297661879495e-02   7.9830364119540546e+06   7.9829622724616081e+06
  1.6307138697950769e-02   7.9830349832829358e+06   7.9829623927326482e+06
  1.6312979734022039e-02   7.9830336146950666e+06   7.9829625078257797e+06
  1.6318820770093310e-02   7.9830322944696257e+06   7.9829626187510928e+06
  1.6324661806164584e-02   7.9830309742441857e+06   7.9829627296764050e+06
  1.6330502842235854e-02   7.9830296540187467e+06   7.9829628406017171e+06
  1.6336343878307125e-02   7.9830283982633008e+06   7.9829629459701013e+06
  1.6342184914378399e-02   7.9830271864757333e+06   7.9829630475487169e+06
  1.6348025950449669e-02   7.9830259746881668e+06   7.9829631491273325e+06
  1.6353866986520939e-02   7.9830247629006002e+06   7.9829632507059472e+06
  1.6359708022592213e-02   7.9830235815494703e+06   7.9829633496605484e+06
  1.6365549058663484e-02   7.9830224781913916e+06   7.9829634418911366e+06
  1.6371390094734754e-02   7.9830213748333128e+06   7.9829635341217248e+06
  1.6377231130806028e-02   7.9830202714752350e+06   7.9829636263523130e+06
  1.6383072166877299e-02   7.9830191681171553e+06   7.9829637185829012e+06
  1.6388913202948573e-02   7.9830181236246116e+06   7.9829638057373418e+06
  1.6394754239019843e-02   7.9830171286872271e+06   7.9829638886184962e+06
  1.6400595275091114e-02   7.9830161337498426e+06   7.9829639714996498e+06
  1.6406436311162387e-02   7.9830151388124581e+06   7.9829640543808034e+06
  1.6412277347233658e-02   7.9830141438750736e+06   7.9829641372619579e+06
  1.6418118383304928e-02   7.9830131802557344e+06   7.9829642174416305e+06
  1.6423959419376202e-02   7.9830122937301742e+06   7.9829642909712270e+06
  1.6429800455447473e-02   7.9830114072046140e+06   7.9829643645008253e+06
  1.6435641491518743e-02   7.9830105206790539e+06   7.9829644380304217e+06
  1.6441482527590017e-02   7.9830096341534946e+06   7.9829645115600191e+06
  1.6447323563661288e-02   7.9830087476279344e+06   7.9829645850896155e+06
  1.6453164599732558e-02   7.9830079036304140e+06   7.9829646549494406e+06
  1.6459005635803832e-02   7.9830071255085692e+06   7.9829647191248098e+06
  1.6464846671875102e-02   7.9830063473867252e+06   7.9829647833001781e+06
  1.6470687707946373e-02   7.9830055692648804e+06   7.9829648474755473e+06
  1.6476528744017647e-02   7.9830047911430355e+06   7.9829649116509166e+06
  1.6482369780088917e-02   7.9830040130211907e+06   7.9829649758262858e+06
  1.6488210816160191e-02   7.9830032348993458e+06   7.9829650400016541e+06
  1.6494051852231462e-02   7.9830025298668509e+06   7.9829650978667904e+06
  1.6499892888302732e-02   7.9830018601434333e+06   7.9829651526834872e+06
  1.6505733924374006e-02   7.9830011904200166e+06   7.9829652075001849e+06
  1.6511574960445276e-02   7.9830005206965990e+06   7.9829652623168817e+06
  1.6517415996516547e-02   7.9829998509731824e+06   7.9829653171335785e+06
  1.6523257032587821e-02   7.9829991812497657e+06   7.9829653719502753e+06
  1.6529098068659091e-02   7.9829985115263481e+06   7.9829654267669730e+06
  1.6534939104730362e-02   7.9829978418029314e+06   7.9829654815836698e+06
  1.6540780140801636e-02   7.9829972662663171e+06   7.9829655282631489e+06
  1.6546621176872906e-02   7.9829967049438637e+06   7.9829655737146027e+06
  1.6552462212944177e-02   7.9829961436214112e+06   7.9829656191660576e+06
  1.6558303249015451e-02   7.9829955822989596e+06   7.9829656646175124e+06
  1.6564144285086721e-02   7.9829950209765071e+06   7.9829657100689663e+06
  1.6569985321157991e-02   7.9829944596540546e+06   7.9829657555204211e+06
  1.6575826357229265e-02   7.9829938983316021e+06   7.9829658009718750e+06
  1.6581667393300536e-02   7.9829933370091505e+06   7.9829658464233289e+06
  1.6587508429371810e-02   7.9829927756866971e+06   7.9829658918747837e+06
  1.6593349465443080e-02   7.9829922746640965e+06   7.9829659321113536e+06
  1.6599190501514351e-02   7.9829918217656957e+06   7.9829659681860199e+06
  1.6605031537585625e-02   7.9829913688672958e+06   7.9829660042606844e+06
  1.6610872573656895e-02   7.9829909159688959e+06   7.9829660403353497e+06
  1.6616713609728165e-02   7.9829904630704951e+06   7.9829660764100160e+06
  1.6622554645799439e-02   7.9829900101720951e+06   7.9829661124846814e+06
  1.6628395681870710e-02   7.9829895572736962e+06   7.9829661485593468e+06
  1.6634236717941980e-02   7.9829891043752953e+06   7.9829661846340122e+06
  1.6640077754013254e-02   7.9829886514768954e+06   7.9829662207086785e+06
  1.6645918790084525e-02   7.9829881985784946e+06   7.9829662567833439e+06
  1.6651759826155795e-02   7.9829877456800947e+06   7.9829662928580102e+06
  1.6657600862227069e-02   7.9829872943010675e+06   7.9829663288010657e+06
  1.6663441898298340e-02   7.9829869499083171e+06   7.9829663554768478e+06
  1.6669282934369610e-02   7.9829866055155667e+06   7.9829663821526309e+06
  1.6675123970440884e-02   7.9829862611228153e+06   7.9829664088284140e+06
  1.6680965006512154e-02   7.9829859167300640e+06   7.9829664355041971e+06
  1.6686806042583428e-02   7.9829855723373136e+06   7.9829664621799793e+06
  1.6692647078654699e-02   7.9829852279445631e+06   7.9829664888557624e+06
  1.6698488114725969e-02   7.9829848835518118e+06   7.9829665155315455e+06
  1.6704329150797243e-02   7.9829845391590614e+06   7.9829665422073277e+06
  1.6710170186868514e-02   7.9829841947663100e+06   7.9829665688831108e+06
  1.6716011222939784e-02   7.9829838503735596e+06   7.9829665955588939e+06
  1.6721852259011058e-02   7.9829835059808083e+06   7.9829666222346770e+06
  1.6727693295082328e-02   7.9829831615880579e+06   7.9829666489104591e+06
  1.6733534331153599e-02   7.9829828171953065e+06   7.9829666755862422e+06
  1.6739375367224873e-02   7.9829824728025561e+06   7.9829667022620253e+06
  1.6745216403296143e-02   7.9829821284098048e+06   7.9829667289378084e+06
  1.6751057439367414e-02   7.9829818749066647e+06   7.9829667477171533e+06
  1.6756898475438688e-02   7.9829816393013168e+06   7.9829667649415480e+06
  1.6762739511509958e-02   7.9829814036959689e+06   7.9829667821659436e+06
  1.6768580547581229e-02   7.9829811680906210e+06   7.9829667993903384e+06
  1.6774421583652502e-02   7.9829809324852731e+06   7.9829668166147340e+06
  1.6780262619723773e-02   7.9829806968799252e+06   7.9829668338391297e+06
  1.6786103655795047e-02   7.9829804612745764e+06   7.9829668510635234e+06
  1.6791944691866317e-02   7.9829802256692294e+06   7.9829668682879191e+06
  1.6797785727937588e-02   7.9829799900638806e+06   7.9829668855123138e+06
  1.6803626764008862e-02   7.9829797544585327e+06   7.9829669027367095e+06
  1.6809467800080132e-02   7.9829795188531848e+06   7.9829669199611042e+06
  1.6815308836151403e-02   7.9829792832478359e+06   7.9829669371854998e+06
  1.6821149872222677e-02   7.9829790476424890e+06   7.9829669544098945e+06
  1.6826990908293947e-02   7.9829788120371411e+06   7.9829669716342902e+06
  1.6832831944365217e-02   7.9829785764317922e+06   7.9829669888586849e+06
  1.6838672980436491e-02   7.9829783408264443e+06   7.9829670060830805e+06
  1.6844514016507762e-02   7.9829781052210964e+06   7.9829670233074753e+06
  1.6850355052579032e-02   7.9829778696157485e+06   7.9829670405318700e+06
  1.6856196088650306e-02   7.9829776340104006e+06   7.9829670577562656e+06
  1.6862037124721577e-02   7.9829773984050518e+06   7.9829670749806603e+06
  1.6867878160792847e-02   7.9829771627997048e+06   7.9829670922050560e+06
  1.6873719196864121e-02   7.9829769271943569e+06   7.9829671094294507e+06
  1.6879560232935392e-02   7.9829767630386781e+06   7.9829671203998914e+06
  1.6885401269006665e-02   7.9829766375383781e+06   7.9829671279868446e+06
  1.6891242305077936e-02   7.9829765120380800e+06   7.9829671355737988e+06
  1.6897083341149206e-02   7.9829763865377801e+06   7.9829671431607530e+06
  1.6902924377220480e-02   7.9829762610374819e+06   7.9829671507477062e+06
  1.6908765413291751e-02   7.9829761355371820e+06   7.9829671583346603e+06
  1.6914606449363021e-02   7.9829760100368829e+06   7.9829671659216136e+06
  1.6920447485434295e-02   7.9829758845365839e+06   7.9829671735085677e+06
  1.6926288521505566e-02   7.9829757590362849e+06   7.9829671810955219e+06
  1.6932129557576836e-02   7.9829756335359858e+06   7.9829671886824751e+06
  1.6937970593648110e-02   7.9829755080356868e+06   7.9829671962694284e+06
  1.6943811629719380e-02   7.9829753825353878e+06   7.9829672038563835e+06
  1.6949652665790651e-02   7.9829752570350887e+06   7.9829672114433367e+06
  1.6955493701861925e-02   7.9829751315347888e+06   7.9829672190302908e+06
  1.6961334737933195e-02   7.9829750060344907e+06   7.9829672266172441e+06
  1.6967175774004466e-02   7.9829748805341907e+06   7.9829672342041973e+06
  1.6973016810075740e-02   7.9829747550338926e+06   7.9829672417911524e+06
  1.6978857846147010e-02   7.9829746295335935e+06   7.9829672493781056e+06
  1.6984698882218284e-02   7.9829745040332936e+06   7.9829672569650589e+06
  1.6990539918289554e-02   7.9829743785329955e+06   7.9829672645520130e+06
  1.6996380954360825e-02   7.9829742530326955e+06   7.9829672721389672e+06
  1.7002221990432099e-02   7.9829741275323974e+06   7.9829672797259213e+06
  1.7008063026503369e-02   7.9829740020320974e+06   7.9829672873128746e+06
  1.7013904062574640e-02   7.9829738765317993e+06   7.9829672948998278e+06
  1.7019745098645914e-02   7.9829737510314994e+06   7.9829673024867820e+06
  1.7025586134717184e-02   7.9829736255312003e+06   7.9829673100737361e+06
  1.7031427170788455e-02   7.9829735000309013e+06   7.9829673176606894e+06
  1.7037268206859729e-02   7.9829733745306022e+06   7.9829673252476435e+06
  1.7043109242930999e-02   7.9829732490303032e+06   7.9829673328345967e+06
  1.7048950279002269e-02   7.9829731235300042e+06   7.9829673404215518e+06
  1.7054791315073543e-02   7.9829729980297042e+06   7.9829673480085051e+06
  1.7060632351144814e-02   7.9829728725294061e+06   7.9829673555954583e+06
  1.7066473387216084e-02   7.9829727470291061e+06   7.9829673631824125e+06
  1.7072314423287358e-02   7.9829726215288080e+06   7.9829673707693657e+06
  1.7078155459358629e-02   7.9829724960285081e+06   7.9829673783563199e+06
  1.7083996495429903e-02   7.9829723705282100e+06   7.9829673859432740e+06
  1.7089837531501173e-02   7.9829722450279100e+06   7.9829673935302272e+06
  1.7095678567572443e-02   7.9829721195276110e+06   7.9829674011171814e+06
  1.7101519603643717e-02   7.9829719940273128e+06   7.9829674087041346e+06
  1.7107360639714988e-02   7.9829718685270129e+06   7.9829674162910888e+06
  1.7113201675786258e-02   7.9829717430267148e+06   7.9829674238780430e+06
  1.7119042711857532e-02   7.9829716175264148e+06   7.9829674314649962e+06
